;Index,CO_FIPS,YEAR,TOTPOP,POP_00_17,POP_18_64,POP_65P,CO_NAME
12010,1,2010,6643,2250,3559,834,BEAVER
12011,1,2011,6658,2242,3602,813,BEAVER
12012,1,2012,6670,2217,3610,843,BEAVER
12013,1,2013,6754,2238,3658,857,BEAVER
12014,1,2014,6661,2179,3598,884,BEAVER
12015,1,2015,6710,2199,3619,892,BEAVER
12016,1,2016,6782,2192,3654,936,BEAVER
12017,1,2017,6850,2195,3688,967,BEAVER
12018,1,2018,6935,2201,3739,995,BEAVER
12019,1,2019,7015,2209,3786,1020,BEAVER
12020,1,2020,7082,2219,3809,1054,BEAVER
12021,1,2021,7152,2215,3831,1106,BEAVER
12022,1,2022,7221,2204,3859,1159,BEAVER
12023,1,2023,7291,2203,3887,1201,BEAVER
12024,1,2024,7353,2199,3931,1224,BEAVER
12025,1,2025,7408,2201,3952,1255,BEAVER
12026,1,2026,7464,2183,3993,1287,BEAVER
12027,1,2027,7516,2170,4035,1311,BEAVER
12028,1,2028,7570,2151,4084,1335,BEAVER
12029,1,2029,7625,2144,4128,1353,BEAVER
12030,1,2030,7687,2147,4169,1370,BEAVER
12031,1,2031,7749,2154,4219,1376,BEAVER
12032,1,2032,7816,2178,4255,1383,BEAVER
12033,1,2033,7883,2189,4298,1395,BEAVER
12034,1,2034,7950,2212,4323,1415,BEAVER
12035,1,2035,8017,2232,4350,1435,BEAVER
12036,1,2036,8083,2251,4376,1456,BEAVER
12037,1,2037,8147,2269,4406,1472,BEAVER
12038,1,2038,8210,2286,4441,1482,BEAVER
12039,1,2039,8270,2301,4474,1494,BEAVER
12040,1,2040,8328,2315,4502,1512,BEAVER
12041,1,2041,8386,2327,4521,1538,BEAVER
12042,1,2042,8443,2339,4539,1566,BEAVER
12043,1,2043,8499,2349,4558,1591,BEAVER
12044,1,2044,8554,2358,4576,1620,BEAVER
12045,1,2045,8606,2366,4583,1657,BEAVER
12046,1,2046,8656,2372,4594,1690,BEAVER
12047,1,2047,8704,2377,4610,1717,BEAVER
12048,1,2048,8749,2380,4631,1738,BEAVER
12049,1,2049,8794,2382,4651,1761,BEAVER
12050,1,2050,8838,2383,4669,1786,BEAVER
12051,1,2051,8882,2384,4701,1798,BEAVER
12052,1,2052,8927,2384,4738,1804,BEAVER
12053,1,2053,8972,2385,4790,1797,BEAVER
12054,1,2054,9019,2387,4835,1797,BEAVER
12055,1,2055,9068,2391,4866,1811,BEAVER
12056,1,2056,9120,2396,4873,1851,BEAVER
12057,1,2057,9174,2403,4880,1891,BEAVER
12058,1,2058,9230,2412,4885,1933,BEAVER
12059,1,2059,9288,2422,4897,1969,BEAVER
12060,1,2060,9348,2434,4921,1992,BEAVER
12061,1,2061,9408,2447,4936,2025,BEAVER
12062,1,2062,9469,2461,4952,2056,BEAVER
12063,1,2063,9530,2475,4968,2086,BEAVER
12064,1,2064,9589,2489,4992,2108,BEAVER
12065,1,2065,9649,2504,5010,2135,BEAVER
32010,3,2010,50067,16970,27524,5573,BOX ELDER
32011,3,2011,50640,17016,27954,5670,BOX ELDER
32012,3,2012,51155,17033,28257,5865,BOX ELDER
32013,3,2013,51794,17126,28630,6038,BOX ELDER
32014,3,2014,52280,17237,28806,6237,BOX ELDER
32015,3,2015,52971,17398,29209,6364,BOX ELDER
32016,3,2016,54038,17635,29760,6644,BOX ELDER
32017,3,2017,54885,17764,30175,6946,BOX ELDER
32018,3,2018,55770,17913,30579,7278,BOX ELDER
32019,3,2019,56648,18069,30973,7606,BOX ELDER
32020,3,2020,57479,18172,31377,7930,BOX ELDER
32021,3,2021,58292,18251,31745,8295,BOX ELDER
32022,3,2022,59042,18297,32067,8678,BOX ELDER
32023,3,2023,59735,18282,32374,9080,BOX ELDER
32024,3,2024,60380,18218,32731,9431,BOX ELDER
32025,3,2025,60984,18125,33072,9787,BOX ELDER
32026,3,2026,61622,18057,33448,10118,BOX ELDER
32027,3,2027,62258,18010,33819,10430,BOX ELDER
32028,3,2028,62912,17999,34223,10691,BOX ELDER
32029,3,2029,63581,18046,34617,10919,BOX ELDER
32030,3,2030,64263,18160,35002,11101,BOX ELDER
32031,3,2031,64940,18275,35418,11247,BOX ELDER
32032,3,2032,65623,18402,35808,11413,BOX ELDER
32033,3,2033,66307,18500,36221,11586,BOX ELDER
32034,3,2034,66988,18627,36625,11736,BOX ELDER
32035,3,2035,67664,18757,36993,11915,BOX ELDER
32036,3,2036,68338,18896,37345,12097,BOX ELDER
32037,3,2037,69015,19043,37706,12266,BOX ELDER
32038,3,2038,69696,19197,38062,12437,BOX ELDER
32039,3,2039,70380,19357,38374,12649,BOX ELDER
32040,3,2040,71065,19518,38633,12914,BOX ELDER
32041,3,2041,71753,19680,38881,13192,BOX ELDER
32042,3,2042,72440,19838,39084,13518,BOX ELDER
32043,3,2043,73119,19991,39228,13901,BOX ELDER
32044,3,2044,73787,20134,39409,14244,BOX ELDER
32045,3,2045,74440,20264,39590,14586,BOX ELDER
32046,3,2046,75076,20380,39749,14947,BOX ELDER
32047,3,2047,75694,20480,39918,15296,BOX ELDER
32048,3,2048,76299,20566,40139,15593,BOX ELDER
32049,3,2049,76892,20639,40371,15882,BOX ELDER
32050,3,2050,77472,20699,40594,16179,BOX ELDER
32051,3,2051,78053,20756,40885,16412,BOX ELDER
32052,3,2052,78628,20806,41189,16632,BOX ELDER
32053,3,2053,79197,20855,41484,16858,BOX ELDER
32054,3,2054,79765,20903,41757,17104,BOX ELDER
32055,3,2055,80334,20956,41983,17395,BOX ELDER
32056,3,2056,80906,21014,42198,17694,BOX ELDER
32057,3,2057,81483,21080,42432,17971,BOX ELDER
32058,3,2058,82067,21156,42648,18263,BOX ELDER
32059,3,2059,82657,21242,42913,18502,BOX ELDER
32060,3,2060,83248,21338,43203,18707,BOX ELDER
32061,3,2061,83842,21444,43507,18892,BOX ELDER
32062,3,2062,84440,21559,43726,19155,BOX ELDER
32063,3,2063,85037,21683,44005,19349,BOX ELDER
32064,3,2064,85628,21813,44275,19540,BOX ELDER
32065,3,2065,86218,21949,44532,19737,BOX ELDER
52010,5,2010,113307,35930,68634,8744,CACHE
52011,5,2011,115004,36706,69365,8933,CACHE
52012,5,2012,116404,37070,69959,9376,CACHE
52013,5,2013,117598,37409,70539,9649,CACHE
52014,5,2014,118872,37693,71060,10119,CACHE
52015,5,2015,121855,38562,72715,10578,CACHE
52016,5,2016,123907,38912,73921,11074,CACHE
52017,5,2017,126268,39232,75321,11715,CACHE
52018,5,2018,128685,39568,76714,12403,CACHE
52019,5,2019,131141,39919,78102,13120,CACHE
52020,5,2020,133601,40267,79530,13804,CACHE
52021,5,2021,136132,40607,81003,14521,CACHE
52022,5,2022,138685,40984,82478,15224,CACHE
52023,5,2023,141251,41368,83996,15887,CACHE
52024,5,2024,143811,41877,85392,16541,CACHE
52025,5,2025,146338,42399,86769,17170,CACHE
52026,5,2026,148818,42943,88123,17753,CACHE
52027,5,2027,151276,43484,89487,18305,CACHE
52028,5,2028,153771,44014,90943,18815,CACHE
52029,5,2029,156278,44540,92469,19269,CACHE
52030,5,2030,158815,45256,93875,19684,CACHE
52031,5,2031,161376,45955,95349,20072,CACHE
52032,5,2032,163978,46733,96785,20460,CACHE
52033,5,2033,166631,47566,98256,20810,CACHE
52034,5,2034,169303,48479,99592,21233,CACHE
52035,5,2035,171969,49483,100808,21678,CACHE
52036,5,2036,174610,50468,102000,22142,CACHE
52037,5,2037,177208,51417,103231,22559,CACHE
52038,5,2038,179753,52316,104481,22956,CACHE
52039,5,2039,182230,53149,105715,23365,CACHE
52040,5,2040,184635,53912,106896,23827,CACHE
52041,5,2041,186958,54593,108003,24362,CACHE
52042,5,2042,189190,55190,109063,24937,CACHE
52043,5,2043,191329,55701,110134,25494,CACHE
52044,5,2044,193375,56130,111290,25955,CACHE
52045,5,2045,195325,56477,112595,26254,CACHE
52046,5,2046,197193,56750,113949,26495,CACHE
52047,5,2047,198989,56959,115385,26644,CACHE
52048,5,2048,200727,57121,116867,26739,CACHE
52049,5,2049,202426,57247,118370,26809,CACHE
52050,5,2050,204114,57353,119883,26878,CACHE
52051,5,2051,205814,57461,121474,26880,CACHE
52052,5,2052,207531,57575,123037,26920,CACHE
52053,5,2053,209277,57708,124558,27011,CACHE
52054,5,2054,211065,57871,126011,27183,CACHE
52055,5,2055,212908,58072,127352,27484,CACHE
52056,5,2056,214817,58321,128599,27897,CACHE
52057,5,2057,216799,58624,129771,28404,CACHE
52058,5,2058,218852,58985,131036,28830,CACHE
52059,5,2059,220973,59406,132273,29293,CACHE
52060,5,2060,223154,59883,133506,29765,CACHE
52061,5,2061,225387,60410,134597,30380,CACHE
52062,5,2062,227674,60987,135582,31105,CACHE
52063,5,2063,230003,61604,136665,31734,CACHE
52064,5,2064,232363,62250,137743,32371,CACHE
52065,5,2065,234744,62914,138780,33051,CACHE
72010,7,2010,21419,5732,12782,2905,CARBON
72011,7,2011,21505,5784,12791,2930,CARBON
72012,7,2012,21590,5819,12739,3032,CARBON
72013,7,2013,21340,5784,12496,3061,CARBON
72014,7,2014,21201,5725,12299,3178,CARBON
72015,7,2015,21164,5715,12214,3235,CARBON
72016,7,2016,21188,5703,12159,3327,CARBON
72017,7,2017,21602,5826,12332,3443,CARBON
72018,7,2018,22035,5963,12505,3567,CARBON
72019,7,2019,22444,6080,12647,3717,CARBON
72020,7,2020,22806,6189,12746,3872,CARBON
72021,7,2021,23162,6281,12850,4031,CARBON
72022,7,2022,23496,6345,12945,4206,CARBON
72023,7,2023,23800,6385,13059,4356,CARBON
72024,7,2024,24083,6414,13171,4498,CARBON
72025,7,2025,24343,6402,13318,4624,CARBON
72026,7,2026,24620,6413,13465,4742,CARBON
72027,7,2027,24884,6423,13619,4843,CARBON
72028,7,2028,25137,6447,13755,4935,CARBON
72029,7,2029,25379,6458,13925,4995,CARBON
72030,7,2030,25628,6472,14111,5045,CARBON
72031,7,2031,25882,6487,14324,5070,CARBON
72032,7,2032,26141,6558,14496,5087,CARBON
72033,7,2033,26394,6633,14654,5106,CARBON
72034,7,2034,26636,6711,14805,5121,CARBON
72035,7,2035,26870,6750,14965,5155,CARBON
72036,7,2036,27096,6784,15098,5214,CARBON
72037,7,2037,27315,6818,15242,5254,CARBON
72038,7,2038,27531,6854,15380,5296,CARBON
72039,7,2039,27745,6894,15513,5338,CARBON
72040,7,2040,27961,6938,15621,5401,CARBON
72041,7,2041,28180,6987,15729,5464,CARBON
72042,7,2042,28403,7039,15807,5558,CARBON
72043,7,2043,28625,7090,15874,5661,CARBON
72044,7,2044,28848,7141,15921,5786,CARBON
72045,7,2045,29069,7190,15960,5919,CARBON
72046,7,2046,29290,7237,15988,6065,CARBON
72047,7,2047,29508,7281,16017,6211,CARBON
72048,7,2048,29726,7321,16042,6363,CARBON
72049,7,2049,29943,7358,16092,6492,CARBON
72050,7,2050,30159,7393,16167,6599,CARBON
72051,7,2051,30378,7428,16243,6707,CARBON
72052,7,2052,30597,7460,16309,6828,CARBON
72053,7,2053,30813,7490,16341,6982,CARBON
72054,7,2054,31028,7518,16384,7126,CARBON
72055,7,2055,31240,7547,16412,7281,CARBON
72056,7,2056,31449,7575,16466,7408,CARBON
72057,7,2057,31655,7603,16557,7495,CARBON
72058,7,2058,31858,7630,16675,7552,CARBON
72059,7,2059,32055,7656,16794,7605,CARBON
72060,7,2060,32249,7682,16926,7641,CARBON
72061,7,2061,32439,7708,17043,7688,CARBON
72062,7,2062,32624,7734,17152,7738,CARBON
72063,7,2063,32803,7761,17268,7774,CARBON
72064,7,2064,32977,7787,17376,7814,CARBON
72065,7,2065,33144,7813,17480,7851,CARBON
92010,9,2010,1078,253,620,205,DAGGETT
92011,9,2011,1109,259,632,218,DAGGETT
92012,9,2012,1114,252,634,228,DAGGETT
92013,9,2013,1157,272,660,224,DAGGETT
92014,9,2014,1113,255,622,236,DAGGETT
92015,9,2015,1113,260,620,233,DAGGETT
92016,9,2016,1103,250,602,250,DAGGETT
92017,9,2017,1119,255,600,264,DAGGETT
92018,9,2018,1136,261,603,272,DAGGETT
92019,9,2019,1150,266,603,281,DAGGETT
92020,9,2020,1164,271,608,285,DAGGETT
92021,9,2021,1179,271,620,287,DAGGETT
92022,9,2022,1194,274,628,292,DAGGETT
92023,9,2023,1207,278,636,292,DAGGETT
92024,9,2024,1219,283,639,298,DAGGETT
92025,9,2025,1232,283,641,309,DAGGETT
92026,9,2026,1245,286,640,319,DAGGETT
92027,9,2027,1258,292,641,325,DAGGETT
92028,9,2028,1273,293,655,325,DAGGETT
92029,9,2029,1288,300,662,325,DAGGETT
92030,9,2030,1304,313,669,322,DAGGETT
92031,9,2031,1320,321,680,320,DAGGETT
92032,9,2032,1338,334,685,319,DAGGETT
92033,9,2033,1356,346,693,316,DAGGETT
92034,9,2034,1372,361,696,315,DAGGETT
92035,9,2035,1387,370,703,314,DAGGETT
92036,9,2036,1400,378,710,313,DAGGETT
92037,9,2037,1413,384,715,314,DAGGETT
92038,9,2038,1425,390,720,315,DAGGETT
92039,9,2039,1436,396,727,314,DAGGETT
92040,9,2040,1448,401,732,315,DAGGETT
92041,9,2041,1459,406,741,312,DAGGETT
92042,9,2042,1470,411,748,312,DAGGETT
92043,9,2043,1481,415,746,320,DAGGETT
92044,9,2044,1491,419,747,325,DAGGETT
92045,9,2045,1502,423,750,329,DAGGETT
92046,9,2046,1512,426,754,331,DAGGETT
92047,9,2047,1522,429,760,333,DAGGETT
92048,9,2048,1532,432,762,338,DAGGETT
92049,9,2049,1542,435,764,343,DAGGETT
92050,9,2050,1551,437,770,344,DAGGETT
92051,9,2051,1561,440,775,346,DAGGETT
92052,9,2052,1571,444,780,347,DAGGETT
92053,9,2053,1581,448,792,341,DAGGETT
92054,9,2054,1592,452,808,332,DAGGETT
92055,9,2055,1603,457,822,323,DAGGETT
92056,9,2056,1614,462,836,315,DAGGETT
92057,9,2057,1625,468,848,309,DAGGETT
92058,9,2058,1637,474,855,308,DAGGETT
92059,9,2059,1649,480,856,314,DAGGETT
92060,9,2060,1662,486,860,316,DAGGETT
92061,9,2061,1674,491,865,318,DAGGETT
92062,9,2062,1686,497,872,317,DAGGETT
92063,9,2063,1698,502,879,317,DAGGETT
92064,9,2064,1711,507,886,318,DAGGETT
92065,9,2065,1723,512,892,319,DAGGETT
112010,11,2010,307625,105710,176830,25085,DAVIS
112011,11,2011,313280,107093,180104,26082,DAVIS
112012,11,2012,318476,108384,182562,27531,DAVIS
112013,11,2013,324407,110042,185626,28739,DAVIS
112014,11,2014,329833,111498,188271,30064,DAVIS
112015,11,2015,336091,113143,191773,31175,DAVIS
112016,11,2016,342645,114426,195747,32473,DAVIS
112017,11,2017,348281,115013,198967,34301,DAVIS
112018,11,2018,354129,115691,202198,36240,DAVIS
112019,11,2019,359674,116126,205343,38205,DAVIS
112020,11,2020,364813,116408,208218,40187,DAVIS
112021,11,2021,369757,116246,211192,42319,DAVIS
112022,11,2022,374255,115823,213969,44462,DAVIS
112023,11,2023,378369,115130,216713,46527,DAVIS
112024,11,2024,382201,114328,219443,48430,DAVIS
112025,11,2025,385800,113443,221990,50367,DAVIS
112026,11,2026,389622,112808,224653,52162,DAVIS
112027,11,2027,393539,112322,227310,53908,DAVIS
112028,11,2028,397595,112070,230060,55465,DAVIS
112029,11,2029,401763,112363,232533,56867,DAVIS
112030,11,2030,406046,112821,235108,58117,DAVIS
112031,11,2031,410403,113295,237858,59250,DAVIS
112032,11,2032,414864,113960,240475,60429,DAVIS
112033,11,2033,419417,114648,243160,61610,DAVIS
112034,11,2034,424009,115501,245629,62878,DAVIS
112035,11,2035,428627,116447,247848,64333,DAVIS
112036,11,2036,433272,117473,249927,65872,DAVIS
112037,11,2037,437935,118559,252192,67183,DAVIS
112038,11,2038,442606,119688,254423,68496,DAVIS
112039,11,2039,447277,120836,256439,70002,DAVIS
112040,11,2040,451924,121977,258213,71734,DAVIS
112041,11,2041,456534,123094,259776,73663,DAVIS
112042,11,2042,461066,124158,261056,75852,DAVIS
112043,11,2043,465480,125140,262165,78175,DAVIS
112044,11,2044,469809,126040,263225,80544,DAVIS
112045,11,2045,474028,126843,264152,83033,DAVIS
112046,11,2046,478120,127528,265318,85274,DAVIS
112047,11,2047,482076,128088,266709,87279,DAVIS
112048,11,2048,485913,128528,268326,89058,DAVIS
112049,11,2049,489636,128855,269854,90927,DAVIS
112050,11,2050,493263,129084,271453,92726,DAVIS
112051,11,2051,496923,129274,273350,94298,DAVIS
112052,11,2052,500489,129398,275274,95818,DAVIS
112053,11,2053,503961,129473,277137,97351,DAVIS
112054,11,2054,507358,129524,278718,99117,DAVIS
112055,11,2055,510712,129581,280309,100822,DAVIS
112056,11,2056,514047,129667,281783,102597,DAVIS
112057,11,2057,517388,129803,283621,103964,DAVIS
112058,11,2058,520746,130009,285659,105078,DAVIS
112059,11,2059,524132,130298,287875,105959,DAVIS
112060,11,2060,527545,130677,290081,106787,DAVIS
112061,11,2061,530993,131152,291940,107902,DAVIS
112062,11,2062,534466,131719,293387,109359,DAVIS
112063,11,2063,537947,132370,295025,110552,DAVIS
112064,11,2064,541440,133101,296494,111845,DAVIS
112065,11,2065,544958,133907,297875,113176,DAVIS
132010,13,2010,18721,6357,10368,1996,DUCHESNE
132011,13,2011,19020,6454,10547,2019,DUCHESNE
132012,13,2012,19696,6727,10894,2075,DUCHESNE
132013,13,2013,20283,7014,11140,2129,DUCHESNE
132014,13,2014,20577,7187,11209,2181,DUCHESNE
132015,13,2015,20821,7331,11262,2228,DUCHESNE
132016,13,2016,20608,7268,11077,2263,DUCHESNE
132017,13,2017,21134,7470,11304,2360,DUCHESNE
132018,13,2018,21727,7684,11584,2459,DUCHESNE
132019,13,2019,22236,7874,11816,2545,DUCHESNE
132020,13,2020,22653,8027,11984,2642,DUCHESNE
132021,13,2021,23044,8127,12166,2751,DUCHESNE
132022,13,2022,23403,8231,12283,2889,DUCHESNE
132023,13,2023,23732,8306,12393,3033,DUCHESNE
132024,13,2024,24018,8352,12497,3169,DUCHESNE
132025,13,2025,24277,8377,12606,3294,DUCHESNE
132026,13,2026,24526,8352,12777,3397,DUCHESNE
132027,13,2027,24764,8349,12913,3502,DUCHESNE
132028,13,2028,24991,8310,13073,3607,DUCHESNE
132029,13,2029,25206,8321,13190,3695,DUCHESNE
132030,13,2030,25422,8311,13353,3759,DUCHESNE
132031,13,2031,25636,8296,13522,3818,DUCHESNE
132032,13,2032,25866,8314,13688,3863,DUCHESNE
132033,13,2033,26104,8333,13870,3901,DUCHESNE
132034,13,2034,26348,8411,13990,3947,DUCHESNE
132035,13,2035,26596,8476,14133,3987,DUCHESNE
132036,13,2036,26849,8553,14255,4041,DUCHESNE
132037,13,2037,27106,8637,14371,4098,DUCHESNE
132038,13,2038,27366,8729,14486,4151,DUCHESNE
132039,13,2039,27629,8825,14598,4206,DUCHESNE
132040,13,2040,27893,8925,14701,4267,DUCHESNE
132041,13,2041,28158,9027,14789,4342,DUCHESNE
132042,13,2042,28420,9127,14849,4444,DUCHESNE
132043,13,2043,28679,9225,14914,4541,DUCHESNE
132044,13,2044,28933,9316,14957,4659,DUCHESNE
132045,13,2045,29178,9399,14965,4814,DUCHESNE
132046,13,2046,29412,9471,14977,4963,DUCHESNE
132047,13,2047,29637,9533,15015,5089,DUCHESNE
132048,13,2048,29852,9584,15076,5192,DUCHESNE
132049,13,2049,30059,9625,15130,5305,DUCHESNE
132050,13,2050,30259,9657,15171,5431,DUCHESNE
132051,13,2051,30454,9683,15207,5564,DUCHESNE
132052,13,2052,30645,9705,15270,5670,DUCHESNE
132053,13,2053,30833,9724,15339,5770,DUCHESNE
132054,13,2054,31020,9742,15390,5888,DUCHESNE
132055,13,2055,31205,9761,15486,5958,DUCHESNE
132056,13,2056,31390,9782,15584,6025,DUCHESNE
132057,13,2057,31577,9807,15682,6087,DUCHESNE
132058,13,2058,31767,9838,15779,6149,DUCHESNE
132059,13,2059,31959,9874,15898,6187,DUCHESNE
132060,13,2060,32154,9917,16048,6189,DUCHESNE
132061,13,2061,32353,9966,16183,6204,DUCHESNE
132062,13,2062,32553,10020,16292,6241,DUCHESNE
132063,13,2063,32752,10078,16429,6245,DUCHESNE
132064,13,2064,32952,10140,16554,6258,DUCHESNE
132065,13,2065,33153,10206,16658,6289,DUCHESNE
152010,15,2010,11012,3503,6137,1372,EMERY
152011,15,2011,11128,3529,6203,1397,EMERY
152012,15,2012,10964,3462,6056,1446,EMERY
152013,15,2013,10945,3428,6021,1497,EMERY
152014,15,2014,10844,3358,5933,1553,EMERY
152015,15,2015,10659,3260,5803,1597,EMERY
152016,15,2016,10573,3180,5739,1654,EMERY
152017,15,2017,10711,3204,5800,1706,EMERY
152018,15,2018,10851,3214,5863,1774,EMERY
152019,15,2019,10983,3228,5918,1837,EMERY
152020,15,2020,11094,3214,5977,1903,EMERY
152021,15,2021,11206,3208,6026,1972,EMERY
152022,15,2022,11307,3180,6089,2038,EMERY
152023,15,2023,11396,3152,6126,2118,EMERY
152024,15,2024,11477,3109,6187,2181,EMERY
152025,15,2025,11550,3063,6240,2246,EMERY
152026,15,2026,11635,3022,6309,2304,EMERY
152027,15,2027,11722,2989,6388,2344,EMERY
152028,15,2028,11809,2972,6458,2379,EMERY
152029,15,2029,11901,2964,6525,2411,EMERY
152030,15,2030,12000,2964,6612,2424,EMERY
152031,15,2031,12103,2981,6692,2430,EMERY
152032,15,2032,12209,3017,6754,2438,EMERY
152033,15,2033,12312,3048,6832,2431,EMERY
152034,15,2034,12412,3078,6894,2440,EMERY
152035,15,2035,12507,3097,6959,2451,EMERY
152036,15,2036,12599,3114,7019,2466,EMERY
152037,15,2037,12687,3128,7077,2483,EMERY
152038,15,2038,12772,3139,7144,2489,EMERY
152039,15,2039,12856,3151,7206,2500,EMERY
152040,15,2040,12938,3160,7280,2498,EMERY
152041,15,2041,13021,3169,7329,2522,EMERY
152042,15,2042,13103,3176,7364,2563,EMERY
152043,15,2043,13184,3180,7403,2601,EMERY
152044,15,2044,13265,3183,7427,2655,EMERY
152045,15,2045,13345,3183,7453,2708,EMERY
152046,15,2046,13424,3182,7476,2766,EMERY
152047,15,2047,13503,3179,7499,2825,EMERY
152048,15,2048,13583,3176,7521,2885,EMERY
152049,15,2049,13664,3173,7550,2940,EMERY
152050,15,2050,13749,3172,7599,2978,EMERY
152051,15,2051,13837,3172,7642,3022,EMERY
152052,15,2052,13929,3174,7688,3067,EMERY
152053,15,2053,14025,3178,7744,3103,EMERY
152054,15,2054,14123,3184,7808,3131,EMERY
152055,15,2055,14226,3194,7852,3180,EMERY
152056,15,2056,14331,3206,7878,3247,EMERY
152057,15,2057,14440,3221,7889,3330,EMERY
152058,15,2058,14551,3238,7925,3389,EMERY
152059,15,2059,14665,3256,7982,3427,EMERY
152060,15,2060,14781,3276,8030,3475,EMERY
152061,15,2061,14897,3297,8072,3528,EMERY
152062,15,2062,15014,3318,8106,3590,EMERY
152063,15,2063,15131,3340,8139,3652,EMERY
152064,15,2064,15248,3361,8193,3693,EMERY
152065,15,2065,15364,3383,8239,3743,EMERY
172010,17,2010,5171,1382,2958,831,GARFIELD
172011,17,2011,5203,1387,2982,834,GARFIELD
172012,17,2012,5226,1384,2952,889,GARFIELD
172013,17,2013,5220,1370,2934,916,GARFIELD
172014,17,2014,5194,1358,2906,930,GARFIELD
172015,17,2015,5164,1321,2853,990,GARFIELD
172016,17,2016,5190,1308,2860,1022,GARFIELD
172017,17,2017,5273,1335,2866,1072,GARFIELD
172018,17,2018,5356,1373,2883,1101,GARFIELD
172019,17,2019,5437,1405,2897,1135,GARFIELD
172020,17,2020,5516,1433,2916,1167,GARFIELD
172021,17,2021,5593,1452,2945,1196,GARFIELD
172022,17,2022,5662,1470,2967,1225,GARFIELD
172023,17,2023,5726,1476,3001,1249,GARFIELD
172024,17,2024,5786,1479,3029,1278,GARFIELD
172025,17,2025,5845,1483,3046,1316,GARFIELD
172026,17,2026,5907,1499,3068,1340,GARFIELD
172027,17,2027,5970,1524,3079,1368,GARFIELD
172028,17,2028,6031,1539,3105,1388,GARFIELD
172029,17,2029,6090,1570,3118,1402,GARFIELD
172030,17,2030,6147,1592,3156,1398,GARFIELD
172031,17,2031,6205,1618,3190,1397,GARFIELD
172032,17,2032,6265,1643,3232,1390,GARFIELD
172033,17,2033,6320,1678,3258,1384,GARFIELD
172034,17,2034,6366,1708,3275,1382,GARFIELD
172035,17,2035,6405,1717,3314,1375,GARFIELD
172036,17,2036,6440,1720,3342,1377,GARFIELD
172037,17,2037,6471,1722,3368,1381,GARFIELD
172038,17,2038,6498,1722,3395,1382,GARFIELD
172039,17,2039,6525,1722,3418,1384,GARFIELD
172040,17,2040,6551,1723,3442,1386,GARFIELD
172041,17,2041,6579,1726,3470,1384,GARFIELD
172042,17,2042,6608,1729,3494,1384,GARFIELD
172043,17,2043,6637,1734,3518,1385,GARFIELD
172044,17,2044,6667,1739,3533,1394,GARFIELD
172045,17,2045,6697,1746,3544,1407,GARFIELD
172046,17,2046,6728,1753,3556,1420,GARFIELD
172047,17,2047,6761,1761,3566,1433,GARFIELD
172048,17,2048,6795,1770,3582,1442,GARFIELD
172049,17,2049,6831,1781,3607,1443,GARFIELD
172050,17,2050,6869,1792,3634,1444,GARFIELD
172051,17,2051,6909,1804,3651,1454,GARFIELD
172052,17,2052,6951,1817,3664,1471,GARFIELD
172053,17,2053,6995,1831,3684,1480,GARFIELD
172054,17,2054,7039,1845,3691,1503,GARFIELD
172055,17,2055,7083,1859,3704,1519,GARFIELD
172056,17,2056,7129,1874,3720,1534,GARFIELD
172057,17,2057,7174,1889,3729,1556,GARFIELD
172058,17,2058,7219,1903,3744,1572,GARFIELD
172059,17,2059,7264,1916,3761,1587,GARFIELD
172060,17,2060,7308,1928,3778,1603,GARFIELD
172061,17,2061,7352,1938,3791,1622,GARFIELD
172062,17,2062,7394,1948,3801,1644,GARFIELD
172063,17,2063,7434,1956,3812,1666,GARFIELD
172064,17,2064,7472,1963,3828,1681,GARFIELD
172065,17,2065,7509,1969,3856,1684,GARFIELD
192010,19,2010,9238,2121,5864,1253,GRAND
192011,19,2011,9395,2171,5963,1261,GRAND
192012,19,2012,9529,2197,5971,1361,GRAND
192013,19,2013,9550,2186,5935,1429,GRAND
192014,19,2014,9626,2206,5923,1497,GRAND
192015,19,2015,9757,2243,5978,1536,GRAND
192016,19,2016,9933,2257,6045,1630,GRAND
192017,19,2017,10098,2271,6097,1730,GRAND
192018,19,2018,10259,2281,6149,1830,GRAND
192019,19,2019,10412,2290,6182,1940,GRAND
192020,19,2020,10554,2289,6256,2009,GRAND
192021,19,2021,10697,2287,6311,2099,GRAND
192022,19,2022,10831,2278,6360,2192,GRAND
192023,19,2023,10958,2266,6416,2275,GRAND
192024,19,2024,11076,2250,6472,2354,GRAND
192025,19,2025,11182,2237,6506,2439,GRAND
192026,19,2026,11296,2218,6561,2517,GRAND
192027,19,2027,11401,2185,6629,2587,GRAND
192028,19,2028,11503,2148,6700,2655,GRAND
192029,19,2029,11602,2109,6775,2718,GRAND
192030,19,2030,11695,2080,6851,2764,GRAND
192031,19,2031,11787,2056,6933,2797,GRAND
192032,19,2032,11885,2025,7027,2834,GRAND
192033,19,2033,11988,2007,7111,2870,GRAND
192034,19,2034,12095,2015,7171,2909,GRAND
192035,19,2035,12203,2024,7220,2960,GRAND
192036,19,2036,12311,2034,7251,3026,GRAND
192037,19,2037,12420,2047,7285,3088,GRAND
192038,19,2038,12529,2061,7318,3150,GRAND
192039,19,2039,12637,2076,7347,3214,GRAND
192040,19,2040,12745,2092,7377,3276,GRAND
192041,19,2041,12851,2107,7417,3327,GRAND
192042,19,2042,12957,2122,7444,3391,GRAND
192043,19,2043,13062,2136,7467,3459,GRAND
192044,19,2044,13165,2149,7487,3530,GRAND
192045,19,2045,13266,2159,7486,3621,GRAND
192046,19,2046,13365,2167,7487,3710,GRAND
192047,19,2047,13460,2173,7482,3805,GRAND
192048,19,2048,13555,2176,7473,3905,GRAND
192049,19,2049,13647,2177,7477,3992,GRAND
192050,19,2050,13736,2176,7480,4080,GRAND
192051,19,2051,13823,2172,7485,4166,GRAND
192052,19,2052,13907,2166,7504,4238,GRAND
192053,19,2053,13988,2157,7535,4295,GRAND
192054,19,2054,14065,2148,7562,4355,GRAND
192055,19,2055,14139,2137,7594,4408,GRAND
192056,19,2056,14211,2126,7626,4459,GRAND
192057,19,2057,14280,2116,7655,4509,GRAND
192058,19,2058,14348,2107,7691,4550,GRAND
192059,19,2059,14415,2100,7736,4579,GRAND
192060,19,2060,14480,2094,7776,4610,GRAND
192061,19,2061,14546,2090,7808,4647,GRAND
192062,19,2062,14610,2088,7840,4681,GRAND
192063,19,2063,14673,2088,7878,4707,GRAND
192064,19,2064,14735,2090,7913,4732,GRAND
192065,19,2065,14794,2093,7940,4761,GRAND
212010,21,2010,46221,13957,27724,4539,IRON
212011,21,2011,46955,14090,28163,4701,IRON
212012,21,2012,47311,14062,28344,4904,IRON
212013,21,2013,47621,14000,28492,5130,IRON
212014,21,2014,48191,14048,28789,5354,IRON
212015,21,2015,49406,14326,29438,5642,IRON
212016,21,2016,50742,14546,30255,5942,IRON
212017,21,2017,51782,14566,30818,6398,IRON
212018,21,2018,52882,14611,31393,6878,IRON
212019,21,2019,53994,14701,31991,7302,IRON
212020,21,2020,55056,14797,32524,7735,IRON
212021,21,2021,56119,14919,33048,8151,IRON
212022,21,2022,57135,14968,33627,8540,IRON
212023,21,2023,58109,15018,34181,8911,IRON
212024,21,2024,59031,15078,34705,9248,IRON
212025,21,2025,59900,15151,35213,9536,IRON
212026,21,2026,60723,15202,35746,9775,IRON
212027,21,2027,61523,15259,36284,9981,IRON
212028,21,2028,62320,15272,36858,10190,IRON
212029,21,2029,63110,15323,37399,10388,IRON
212030,21,2030,63898,15421,37923,10554,IRON
212031,21,2031,64676,15511,38470,10695,IRON
212032,21,2032,65458,15610,39012,10836,IRON
212033,21,2033,66248,15691,39587,10970,IRON
212034,21,2034,67032,15813,40108,11112,IRON
212035,21,2035,67803,15970,40567,11266,IRON
212036,21,2036,68563,16119,41013,11431,IRON
212037,21,2037,69307,16259,41474,11574,IRON
212038,21,2038,70036,16390,41959,11687,IRON
212039,21,2039,70752,16511,42461,11780,IRON
212040,21,2040,71457,16622,42946,11889,IRON
212041,21,2041,72148,16722,43423,12003,IRON
212042,21,2042,72828,16812,43876,12141,IRON
212043,21,2043,73496,16893,44287,12316,IRON
212044,21,2044,74158,16967,44708,12483,IRON
212045,21,2045,74812,17033,45127,12653,IRON
212046,21,2046,75459,17089,45541,12829,IRON
212047,21,2047,76102,17137,45984,12981,IRON
212048,21,2048,76748,17179,46424,13144,IRON
212049,21,2049,77401,17218,46876,13307,IRON
212050,21,2050,78069,17254,47311,13503,IRON
212051,21,2051,78752,17290,47740,13721,IRON
212052,21,2052,79447,17325,48155,13967,IRON
212053,21,2053,80151,17361,48546,14244,IRON
212054,21,2054,80863,17398,48845,14621,IRON
212055,21,2055,81589,17440,49070,15079,IRON
212056,21,2056,82331,17487,49235,15608,IRON
212057,21,2057,83089,17543,49530,16015,IRON
212058,21,2058,83863,17608,49888,16367,IRON
212059,21,2059,84655,17684,50283,16688,IRON
212060,21,2060,85459,17769,50685,17005,IRON
212061,21,2061,86274,17864,51029,17381,IRON
212062,21,2062,87099,17968,51345,17786,IRON
212063,21,2063,87929,18081,51676,18173,IRON
212064,21,2064,88764,18200,51998,18565,IRON
212065,21,2065,89599,18326,52299,18974,IRON
232010,23,2010,10280,3836,5397,1046,JUAB
232011,23,2011,10380,3827,5486,1066,JUAB
232012,23,2012,10485,3806,5564,1116,JUAB
232013,23,2013,10604,3786,5665,1153,JUAB
232014,23,2014,10824,3849,5756,1219,JUAB
232015,23,2015,11071,3889,5921,1262,JUAB
232016,23,2016,11541,4027,6176,1339,JUAB
232017,23,2017,12047,4150,6512,1385,JUAB
232018,23,2018,12542,4267,6837,1438,JUAB
232019,23,2019,13022,4394,7144,1484,JUAB
232020,23,2020,13498,4499,7460,1539,JUAB
232021,23,2021,13978,4599,7759,1619,JUAB
232022,23,2022,14448,4703,8051,1693,JUAB
232023,23,2023,14911,4800,8342,1770,JUAB
232024,23,2024,15359,4876,8643,1840,JUAB
232025,23,2025,15789,4954,8921,1914,JUAB
232026,23,2026,16223,5009,9216,1998,JUAB
232027,23,2027,16646,5055,9507,2084,JUAB
232028,23,2028,17067,5118,9776,2173,JUAB
232029,23,2029,17491,5187,10047,2257,JUAB
232030,23,2030,17911,5271,10307,2332,JUAB
232031,23,2031,18329,5378,10543,2408,JUAB
232032,23,2032,18736,5460,10791,2484,JUAB
232033,23,2033,19138,5554,11031,2553,JUAB
232034,23,2034,19536,5621,11281,2633,JUAB
232035,23,2035,19925,5707,11492,2726,JUAB
232036,23,2036,20305,5798,11669,2839,JUAB
232037,23,2037,20674,5884,11838,2951,JUAB
232038,23,2038,21027,5962,12005,3061,JUAB
232039,23,2039,21366,6030,12172,3164,JUAB
232040,23,2040,21690,6090,12343,3257,JUAB
232041,23,2041,22014,6146,12503,3365,JUAB
232042,23,2042,22338,6200,12646,3492,JUAB
232043,23,2043,22662,6251,12783,3628,JUAB
232044,23,2044,22985,6301,12916,3767,JUAB
232045,23,2045,23307,6350,13045,3911,JUAB
232046,23,2046,23627,6398,13183,4046,JUAB
232047,23,2047,23946,6444,13345,4157,JUAB
232048,23,2048,24263,6488,13512,4264,JUAB
232049,23,2049,24578,6530,13686,4362,JUAB
232050,23,2050,24892,6570,13867,4455,JUAB
232051,23,2051,25208,6610,14047,4551,JUAB
232052,23,2052,25525,6651,14230,4645,JUAB
232053,23,2053,25846,6692,14421,4732,JUAB
232054,23,2054,26170,6735,14619,4815,JUAB
232055,23,2055,26498,6781,14819,4898,JUAB
232056,23,2056,26831,6830,15008,4992,JUAB
232057,23,2057,27170,6884,15163,5123,JUAB
232058,23,2058,27516,6942,15294,5281,JUAB
232059,23,2059,27869,7005,15417,5448,JUAB
232060,23,2060,28228,7072,15541,5615,JUAB
232061,23,2061,28592,7144,15678,5769,JUAB
232062,23,2062,28959,7219,15807,5933,JUAB
232063,23,2063,29328,7296,15947,6085,JUAB
232064,23,2064,29698,7375,16089,6234,JUAB
232065,23,2065,30069,7456,16225,6388,JUAB
252010,25,2010,7116,1721,4009,1386,KANE
252011,25,2011,7200,1724,4058,1417,KANE
252012,25,2012,7302,1755,4083,1464,KANE
252013,25,2013,7321,1740,4048,1534,KANE
252014,25,2014,7266,1728,3991,1547,KANE
252015,25,2015,7271,1734,3969,1568,KANE
252016,25,2016,7581,1805,4125,1650,KANE
252017,25,2017,7733,1821,4148,1764,KANE
252018,25,2018,7886,1844,4150,1892,KANE
252019,25,2019,8031,1873,4149,2009,KANE
252020,25,2020,8165,1896,4166,2104,KANE
252021,25,2021,8291,1912,4197,2181,KANE
252022,25,2022,8403,1925,4230,2247,KANE
252023,25,2023,8505,1911,4284,2310,KANE
252024,25,2024,8600,1905,4332,2363,KANE
252025,25,2025,8684,1905,4368,2412,KANE
252026,25,2026,8772,1919,4407,2447,KANE
252027,25,2027,8862,1926,4441,2495,KANE
252028,25,2028,8955,1941,4486,2528,KANE
252029,25,2029,9053,1978,4521,2554,KANE
252030,25,2030,9152,2009,4571,2573,KANE
252031,25,2031,9253,2054,4614,2584,KANE
252032,25,2032,9353,2094,4677,2581,KANE
252033,25,2033,9447,2136,4740,2571,KANE
252034,25,2034,9533,2174,4792,2567,KANE
252035,25,2035,9611,2198,4838,2575,KANE
252036,25,2036,9680,2217,4875,2588,KANE
252037,25,2037,9743,2234,4920,2589,KANE
252038,25,2038,9801,2249,4973,2579,KANE
252039,25,2039,9856,2262,5025,2569,KANE
252040,25,2040,9910,2275,5072,2562,KANE
252041,25,2041,9963,2288,5111,2564,KANE
252042,25,2042,10017,2299,5142,2575,KANE
252043,25,2043,10072,2310,5170,2591,KANE
252044,25,2044,10125,2321,5193,2611,KANE
252045,25,2045,10179,2330,5203,2646,KANE
252046,25,2046,10231,2338,5224,2670,KANE
252047,25,2047,10283,2344,5250,2689,KANE
252048,25,2048,10333,2349,5277,2708,KANE
252049,25,2049,10384,2354,5306,2725,KANE
252050,25,2050,10437,2359,5335,2743,KANE
252051,25,2051,10493,2365,5367,2761,KANE
252052,25,2052,10551,2372,5407,2772,KANE
252053,25,2053,10611,2380,5455,2776,KANE
252054,25,2054,10672,2390,5495,2787,KANE
252055,25,2055,10736,2401,5533,2802,KANE
252056,25,2056,10803,2415,5559,2829,KANE
252057,25,2057,10874,2430,5556,2887,KANE
252058,25,2058,10946,2446,5564,2936,KANE
252059,25,2059,11019,2463,5589,2967,KANE
252060,25,2060,11093,2480,5616,2997,KANE
252061,25,2061,11167,2497,5639,3031,KANE
252062,25,2062,11239,2513,5660,3066,KANE
252063,25,2063,11309,2528,5689,3093,KANE
252064,25,2064,11379,2542,5712,3125,KANE
252065,25,2065,11446,2555,5735,3157,KANE
272010,27,2010,12535,4050,6711,1775,MILLARD
272011,27,2011,12706,4036,6862,1808,MILLARD
272012,27,2012,12816,3993,6938,1885,MILLARD
272013,27,2013,12956,3991,7037,1929,MILLARD
272014,27,2014,13023,3998,7054,1971,MILLARD
272015,27,2015,13104,3989,7094,2021,MILLARD
272016,27,2016,13291,4018,7212,2061,MILLARD
272017,27,2017,13389,4001,7274,2113,MILLARD
272018,27,2018,13508,4001,7322,2185,MILLARD
272019,27,2019,13643,4022,7348,2273,MILLARD
272020,27,2020,13774,4023,7427,2323,MILLARD
272021,27,2021,13914,4039,7476,2399,MILLARD
272022,27,2022,14050,4043,7512,2494,MILLARD
272023,27,2023,14177,4042,7547,2587,MILLARD
272024,27,2024,14296,4040,7586,2670,MILLARD
272025,27,2025,14403,4017,7646,2740,MILLARD
272026,27,2026,14521,4007,7694,2819,MILLARD
272027,27,2027,14639,3983,7784,2871,MILLARD
272028,27,2028,14762,3974,7862,2925,MILLARD
272029,27,2029,14887,3991,7933,2964,MILLARD
272030,27,2030,15010,4020,8003,2987,MILLARD
272031,27,2031,15132,4044,8090,2999,MILLARD
272032,27,2032,15253,4063,8190,2999,MILLARD
272033,27,2033,15375,4091,8280,3004,MILLARD
272034,27,2034,15498,4117,8370,3011,MILLARD
272035,27,2035,15619,4156,8439,3024,MILLARD
272036,27,2036,15735,4192,8504,3039,MILLARD
272037,27,2037,15848,4224,8567,3057,MILLARD
272038,27,2038,15957,4251,8625,3081,MILLARD
272039,27,2039,16061,4273,8694,3095,MILLARD
272040,27,2040,16160,4290,8758,3112,MILLARD
272041,27,2041,16255,4304,8820,3130,MILLARD
272042,27,2042,16347,4316,8865,3166,MILLARD
272043,27,2043,16435,4324,8899,3211,MILLARD
272044,27,2044,16522,4331,8937,3253,MILLARD
272045,27,2045,16605,4335,8979,3291,MILLARD
272046,27,2046,16687,4337,9020,3330,MILLARD
272047,27,2047,16765,4336,9067,3363,MILLARD
272048,27,2048,16842,4332,9105,3404,MILLARD
272049,27,2049,16918,4327,9148,3443,MILLARD
272050,27,2050,16994,4321,9199,3474,MILLARD
272051,27,2051,17073,4316,9254,3503,MILLARD
272052,27,2052,17155,4313,9313,3530,MILLARD
272053,27,2053,17243,4311,9383,3549,MILLARD
272054,27,2054,17337,4313,9442,3582,MILLARD
272055,27,2055,17435,4318,9500,3617,MILLARD
272056,27,2056,17540,4327,9551,3662,MILLARD
272057,27,2057,17649,4339,9565,3745,MILLARD
272058,27,2058,17764,4355,9562,3847,MILLARD
272059,27,2059,17884,4375,9566,3942,MILLARD
272060,27,2060,18006,4398,9580,4028,MILLARD
272061,27,2061,18129,4422,9609,4099,MILLARD
272062,27,2062,18254,4448,9629,4176,MILLARD
272063,27,2063,18376,4474,9662,4240,MILLARD
272064,27,2064,18499,4500,9699,4299,MILLARD
272065,27,2065,18617,4526,9736,4355,MILLARD
292010,29,2010,9518,3355,5160,1002,MORGAN
292011,29,2011,9714,3363,5326,1024,MORGAN
292012,29,2012,10049,3405,5542,1103,MORGAN
292013,29,2013,10418,3514,5755,1149,MORGAN
292014,29,2014,10776,3575,6007,1194,MORGAN
292015,29,2015,11080,3624,6213,1244,MORGAN
292016,29,2016,11522,3705,6521,1296,MORGAN
292017,29,2017,12005,3792,6856,1358,MORGAN
292018,29,2018,12491,3895,7160,1436,MORGAN
292019,29,2019,12973,3987,7460,1526,MORGAN
292020,29,2020,13443,4067,7743,1632,MORGAN
292021,29,2021,13906,4142,8023,1742,MORGAN
292022,29,2022,14356,4209,8309,1839,MORGAN
292023,29,2023,14790,4264,8586,1941,MORGAN
292024,29,2024,15208,4315,8844,2049,MORGAN
292025,29,2025,15613,4353,9090,2170,MORGAN
292026,29,2026,16023,4397,9328,2298,MORGAN
292027,29,2027,16428,4459,9557,2412,MORGAN
292028,29,2028,16833,4521,9795,2518,MORGAN
292029,29,2029,17226,4603,10003,2620,MORGAN
292030,29,2030,17612,4712,10189,2711,MORGAN
292031,29,2031,17985,4785,10408,2792,MORGAN
292032,29,2032,18347,4883,10588,2876,MORGAN
292033,29,2033,18699,4967,10788,2944,MORGAN
292034,29,2034,19034,5059,10958,3017,MORGAN
292035,29,2035,19349,5144,11102,3103,MORGAN
292036,29,2036,19644,5220,11233,3191,MORGAN
292037,29,2037,19913,5280,11355,3277,MORGAN
292038,29,2038,20156,5326,11470,3360,MORGAN
292039,29,2039,20372,5357,11571,3445,MORGAN
292040,29,2040,20564,5373,11655,3536,MORGAN
292041,29,2041,20744,5380,11737,3628,MORGAN
292042,29,2042,20913,5378,11800,3734,MORGAN
292043,29,2043,21070,5369,11869,3832,MORGAN
292044,29,2044,21217,5352,11961,3904,MORGAN
292045,29,2045,21357,5331,12072,3954,MORGAN
292046,29,2046,21489,5306,12182,4001,MORGAN
292047,29,2047,21614,5278,12276,4061,MORGAN
292048,29,2048,21737,5249,12362,4126,MORGAN
292049,29,2049,21857,5219,12458,4180,MORGAN
292050,29,2050,21978,5192,12549,4237,MORGAN
292051,29,2051,22105,5169,12643,4292,MORGAN
292052,29,2052,22236,5151,12741,4344,MORGAN
292053,29,2053,22376,5138,12847,4391,MORGAN
292054,29,2054,22523,5132,12955,4436,MORGAN
292055,29,2055,22678,5133,13038,4507,MORGAN
292056,29,2056,22843,5140,13089,4613,MORGAN
292057,29,2057,23017,5155,13121,4740,MORGAN
292058,29,2058,23199,5177,13143,4879,MORGAN
292059,29,2059,23388,5206,13172,5011,MORGAN
292060,29,2060,23583,5239,13220,5124,MORGAN
292061,29,2061,23782,5277,13259,5246,MORGAN
292062,29,2062,23985,5319,13282,5384,MORGAN
292063,29,2063,24191,5363,13317,5511,MORGAN
292064,29,2064,24399,5409,13352,5638,MORGAN
292065,29,2065,24605,5454,13397,5754,MORGAN
312010,31,2010,1555,466,757,332,PIUTE
312011,31,2011,1576,470,771,335,PIUTE
312012,31,2012,1585,464,782,339,PIUTE
312013,31,2013,1603,460,795,347,PIUTE
312014,31,2014,1593,454,795,344,PIUTE
312015,31,2015,1631,454,821,357,PIUTE
312016,31,2016,1604,439,798,366,PIUTE
312017,31,2017,1613,441,796,376,PIUTE
312018,31,2018,1624,436,806,383,PIUTE
312019,31,2019,1636,436,816,384,PIUTE
312020,31,2020,1645,435,823,388,PIUTE
312021,31,2021,1657,430,835,391,PIUTE
312022,31,2022,1669,422,845,401,PIUTE
312023,31,2023,1678,420,851,407,PIUTE
312024,31,2024,1688,421,855,411,PIUTE
312025,31,2025,1699,415,865,419,PIUTE
312026,31,2026,1712,414,876,421,PIUTE
312027,31,2027,1726,420,888,419,PIUTE
312028,31,2028,1743,428,895,420,PIUTE
312029,31,2029,1762,437,903,422,PIUTE
312030,31,2030,1781,454,902,425,PIUTE
312031,31,2031,1801,471,908,423,PIUTE
312032,31,2032,1821,482,921,419,PIUTE
312033,31,2033,1841,497,929,414,PIUTE
312034,31,2034,1858,513,936,409,PIUTE
312035,31,2035,1872,522,943,407,PIUTE
312036,31,2036,1884,528,954,402,PIUTE
312037,31,2037,1894,532,964,398,PIUTE
312038,31,2038,1903,535,969,399,PIUTE
312039,31,2039,1910,536,974,400,PIUTE
312040,31,2040,1916,536,977,404,PIUTE
312041,31,2041,1922,535,979,408,PIUTE
312042,31,2042,1926,533,986,408,PIUTE
312043,31,2043,1930,531,993,407,PIUTE
312044,31,2044,1934,527,999,408,PIUTE
312045,31,2045,1938,524,1005,409,PIUTE
312046,31,2046,1941,520,1008,414,PIUTE
312047,31,2047,1944,515,1014,415,PIUTE
312048,31,2048,1947,511,1024,412,PIUTE
312049,31,2049,1950,506,1031,413,PIUTE
312050,31,2050,1954,502,1035,417,PIUTE
312051,31,2051,1959,499,1042,419,PIUTE
312052,31,2052,1966,497,1054,415,PIUTE
312053,31,2053,1974,496,1067,410,PIUTE
312054,31,2054,1984,498,1078,408,PIUTE
312055,31,2055,1995,500,1088,407,PIUTE
312056,31,2056,2008,504,1096,408,PIUTE
312057,31,2057,2022,509,1099,414,PIUTE
312058,31,2058,2037,515,1100,422,PIUTE
312059,31,2059,2052,521,1101,431,PIUTE
312060,31,2060,2069,528,1102,439,PIUTE
312061,31,2061,2085,534,1099,452,PIUTE
312062,31,2062,2102,541,1093,468,PIUTE
312063,31,2063,2118,547,1098,474,PIUTE
312064,31,2064,2134,552,1105,477,PIUTE
312065,31,2065,2149,556,1105,487,PIUTE
332010,33,2010,2278,709,1224,345,RICH
332011,33,2011,2291,716,1235,340,RICH
332012,33,2012,2277,712,1213,352,RICH
332013,33,2013,2300,711,1218,371,RICH
332014,33,2014,2323,716,1220,386,RICH
332015,33,2015,2353,726,1249,378,RICH
332016,33,2016,2355,714,1236,405,RICH
332017,33,2017,2381,720,1233,429,RICH
332018,33,2018,2409,725,1244,440,RICH
332019,33,2019,2433,735,1245,453,RICH
332020,33,2020,2452,738,1248,465,RICH
332021,33,2021,2472,731,1258,483,RICH
332022,33,2022,2488,719,1268,501,RICH
332023,33,2023,2503,714,1281,508,RICH
332024,33,2024,2518,699,1306,513,RICH
332025,33,2025,2535,691,1324,519,RICH
332026,33,2026,2553,691,1337,524,RICH
332027,33,2027,2572,691,1355,526,RICH
332028,33,2028,2590,687,1369,535,RICH
332029,33,2029,2613,690,1384,539,RICH
332030,33,2030,2638,689,1408,541,RICH
332031,33,2031,2663,704,1418,541,RICH
332032,33,2032,2691,715,1433,543,RICH
332033,33,2033,2719,729,1446,545,RICH
332034,33,2034,2746,742,1464,540,RICH
332035,33,2035,2773,754,1483,536,RICH
332036,33,2036,2798,765,1502,531,RICH
332037,33,2037,2823,776,1517,530,RICH
332038,33,2038,2847,786,1526,535,RICH
332039,33,2039,2870,795,1532,543,RICH
332040,33,2040,2892,803,1539,550,RICH
332041,33,2041,2914,810,1550,554,RICH
332042,33,2042,2935,817,1560,559,RICH
332043,33,2043,2955,822,1565,568,RICH
332044,33,2044,2974,825,1570,579,RICH
332045,33,2045,2992,828,1574,591,RICH
332046,33,2046,3010,829,1584,597,RICH
332047,33,2047,3026,829,1588,609,RICH
332048,33,2048,3042,828,1596,618,RICH
332049,33,2049,3058,826,1601,630,RICH
332050,33,2050,3073,824,1612,637,RICH
332051,33,2051,3088,822,1623,644,RICH
332052,33,2052,3104,820,1637,648,RICH
332053,33,2053,3121,819,1649,654,RICH
332054,33,2054,3139,818,1660,660,RICH
332055,33,2055,3158,819,1674,664,RICH
332056,33,2056,3177,820,1689,668,RICH
332057,33,2057,3197,822,1701,674,RICH
332058,33,2058,3218,826,1711,682,RICH
332059,33,2059,3240,831,1719,690,RICH
332060,33,2060,3263,836,1731,696,RICH
332061,33,2061,3286,843,1740,703,RICH
332062,33,2062,3309,850,1745,715,RICH
332063,33,2063,3333,857,1755,721,RICH
332064,33,2064,3356,865,1765,727,RICH
332065,33,2065,3380,873,1774,733,RICH
352010,35,2010,1031697,300238,641914,89544,SALT LAKE
352011,35,2011,1046461,302906,651242,92313,SALT LAKE
352012,35,2012,1060336,305155,658833,96347,SALT LAKE
352013,35,2013,1070799,306753,663813,100233,SALT LAKE
352014,35,2014,1080874,308150,668073,104651,SALT LAKE
352015,35,2015,1094650,310592,675440,108617,SALT LAKE
352016,35,2016,1108872,312257,683472,113143,SALT LAKE
352017,35,2017,1127117,315334,693778,118005,SALT LAKE
352018,35,2018,1145846,318292,704228,123326,SALT LAKE
352019,35,2019,1164057,321069,714224,128764,SALT LAKE
352020,35,2020,1181471,323590,723469,134413,SALT LAKE
352021,35,2021,1198374,325289,732452,140633,SALT LAKE
352022,35,2022,1213427,326329,740372,146726,SALT LAKE
352023,35,2023,1226789,326658,747311,152820,SALT LAKE
352024,35,2024,1238863,326319,753705,158839,SALT LAKE
352025,35,2025,1249961,325347,759596,165019,SALT LAKE
352026,35,2026,1261801,324598,766441,170762,SALT LAKE
352027,35,2027,1273255,323909,773147,176199,SALT LAKE
352028,35,2028,1284476,323247,779813,181417,SALT LAKE
352029,35,2029,1295472,322914,786581,185977,SALT LAKE
352030,35,2030,1306414,322949,793383,190082,SALT LAKE
352031,35,2031,1317382,322582,801116,193684,SALT LAKE
352032,35,2032,1328445,322712,808568,197164,SALT LAKE
352033,35,2033,1339451,323101,815658,200692,SALT LAKE
352034,35,2034,1350343,323674,822128,204542,SALT LAKE
352035,35,2035,1361099,323685,828371,209044,SALT LAKE
352036,35,2036,1371781,323816,834704,213261,SALT LAKE
352037,35,2037,1382461,324089,841245,217126,SALT LAKE
352038,35,2038,1393158,324541,847739,220879,SALT LAKE
352039,35,2039,1403942,325211,854040,224691,SALT LAKE
352040,35,2040,1414842,326102,859674,229065,SALT LAKE
352041,35,2041,1425834,327204,864827,233803,SALT LAKE
352042,35,2042,1436872,328480,869090,239303,SALT LAKE
352043,35,2043,1447718,329835,872563,245319,SALT LAKE
352044,35,2044,1458983,331425,876043,251515,SALT LAKE
352045,35,2045,1470574,333195,878761,258618,SALT LAKE
352046,35,2046,1482418,335083,881702,265632,SALT LAKE
352047,35,2047,1494447,337032,884705,272710,SALT LAKE
352048,35,2048,1506634,339007,887866,279761,SALT LAKE
352049,35,2049,1518930,340964,891305,286660,SALT LAKE
352050,35,2050,1531282,342870,894300,294112,SALT LAKE
352051,35,2051,1544689,345004,897773,301911,SALT LAKE
352052,35,2052,1557799,346949,901385,309465,SALT LAKE
352053,35,2053,1570554,348680,904934,316940,SALT LAKE
352054,35,2054,1582898,350188,908235,324476,SALT LAKE
352055,35,2055,1594804,351478,911071,332254,SALT LAKE
352056,35,2056,1606289,352570,914135,339584,SALT LAKE
352057,35,2057,1617353,353481,918726,345147,SALT LAKE
352058,35,2058,1628027,354245,924705,349077,SALT LAKE
352059,35,2059,1638332,354896,931230,352206,SALT LAKE
352060,35,2060,1648280,355460,937770,355050,SALT LAKE
352061,35,2061,1657931,355976,943322,358633,SALT LAKE
352062,35,2062,1667259,356460,947951,362847,SALT LAKE
352063,35,2063,1676288,356938,953034,366317,SALT LAKE
352064,35,2064,1685032,357432,957887,369713,SALT LAKE
352065,35,2065,1693513,357963,961970,373580,SALT LAKE
372010,37,2010,14771,5004,8164,1603,SAN JUAN
372011,37,2011,15037,5002,8401,1634,SAN JUAN
372012,37,2012,15448,5073,8682,1693,SAN JUAN
372013,37,2013,15573,5059,8762,1753,SAN JUAN
372014,37,2014,15772,5081,8888,1803,SAN JUAN
372015,37,2015,15902,5041,9030,1831,SAN JUAN
372016,37,2016,16302,5076,9318,1908,SAN JUAN
372017,37,2017,16487,5048,9439,2000,SAN JUAN
372018,37,2018,16714,5028,9592,2094,SAN JUAN
372019,37,2019,16928,5029,9731,2168,SAN JUAN
372020,37,2020,17116,5017,9847,2252,SAN JUAN
372021,37,2021,17305,4980,9956,2369,SAN JUAN
372022,37,2022,17487,4928,10078,2482,SAN JUAN
372023,37,2023,17652,4869,10208,2575,SAN JUAN
372024,37,2024,17800,4818,10309,2673,SAN JUAN
372025,37,2025,17932,4728,10430,2773,SAN JUAN
372026,37,2026,18075,4641,10557,2877,SAN JUAN
372027,37,2027,18220,4561,10680,2979,SAN JUAN
372028,37,2028,18363,4495,10807,3060,SAN JUAN
372029,37,2029,18493,4463,10877,3154,SAN JUAN
372030,37,2030,18620,4416,10968,3236,SAN JUAN
372031,37,2031,18750,4339,11112,3299,SAN JUAN
372032,37,2032,18891,4296,11256,3339,SAN JUAN
372033,37,2033,19038,4279,11363,3395,SAN JUAN
372034,37,2034,19186,4289,11457,3440,SAN JUAN
372035,37,2035,19330,4289,11549,3492,SAN JUAN
372036,37,2036,19471,4286,11619,3566,SAN JUAN
372037,37,2037,19610,4281,11695,3635,SAN JUAN
372038,37,2038,19742,4272,11773,3697,SAN JUAN
372039,37,2039,19869,4262,11852,3755,SAN JUAN
372040,37,2040,19992,4250,11923,3820,SAN JUAN
372041,37,2041,20112,4237,11998,3877,SAN JUAN
372042,37,2042,20229,4223,12073,3934,SAN JUAN
372043,37,2043,20343,4207,12128,4008,SAN JUAN
372044,37,2044,20454,4190,12203,4061,SAN JUAN
372045,37,2045,20562,4170,12270,4121,SAN JUAN
372046,37,2046,20667,4149,12339,4179,SAN JUAN
372047,37,2047,20773,4127,12402,4244,SAN JUAN
372048,37,2048,20878,4104,12456,4317,SAN JUAN
372049,37,2049,20988,4081,12504,4404,SAN JUAN
372050,37,2050,21103,4058,12543,4502,SAN JUAN
372051,37,2051,21225,4037,12575,4613,SAN JUAN
372052,37,2052,21354,4018,12594,4742,SAN JUAN
372053,37,2053,21489,4000,12603,4887,SAN JUAN
372054,37,2054,21630,3984,12591,5054,SAN JUAN
372055,37,2055,21775,3971,12555,5249,SAN JUAN
372056,37,2056,21924,3960,12498,5466,SAN JUAN
372057,37,2057,22077,3952,12467,5657,SAN JUAN
372058,37,2058,22232,3947,12459,5825,SAN JUAN
372059,37,2059,22390,3945,12474,5971,SAN JUAN
372060,37,2060,22547,3945,12497,6105,SAN JUAN
372061,37,2061,22703,3946,12526,6230,SAN JUAN
372062,37,2062,22858,3950,12526,6383,SAN JUAN
372063,37,2063,23013,3955,12555,6503,SAN JUAN
372064,37,2064,23165,3961,12599,6605,SAN JUAN
372065,37,2065,23316,3968,12631,6716,SAN JUAN
392010,39,2010,27907,8343,16357,3207,SANPETE
392011,39,2011,28351,8388,16692,3271,SANPETE
392012,39,2012,28485,8277,16798,3410,SANPETE
392013,39,2013,28631,8205,16946,3481,SANPETE
392014,39,2014,28705,8093,16999,3613,SANPETE
392015,39,2015,29088,8056,17278,3754,SANPETE
392016,39,2016,29489,7973,17607,3909,SANPETE
392017,39,2017,29907,7866,17931,4110,SANPETE
392018,39,2018,30362,7771,18255,4336,SANPETE
392019,39,2019,30834,7690,18597,4547,SANPETE
392020,39,2020,31297,7625,18941,4731,SANPETE
392021,39,2021,31781,7603,19255,4923,SANPETE
392022,39,2022,32259,7562,19620,5077,SANPETE
392023,39,2023,32736,7536,19975,5225,SANPETE
392024,39,2024,33218,7542,20326,5349,SANPETE
392025,39,2025,33696,7577,20642,5477,SANPETE
392026,39,2026,34176,7661,20908,5607,SANPETE
392027,39,2027,34659,7759,21193,5708,SANPETE
392028,39,2028,35154,7905,21461,5789,SANPETE
392029,39,2029,35654,8040,21751,5863,SANPETE
392030,39,2030,36158,8205,22029,5923,SANPETE
392031,39,2031,36662,8380,22312,5970,SANPETE
392032,39,2032,37160,8552,22592,6017,SANPETE
392033,39,2033,37652,8736,22859,6057,SANPETE
392034,39,2034,38128,8910,23109,6109,SANPETE
392035,39,2035,38580,9085,23335,6159,SANPETE
392036,39,2036,39005,9235,23556,6213,SANPETE
392037,39,2037,39401,9356,23751,6293,SANPETE
392038,39,2038,39765,9445,23973,6347,SANPETE
392039,39,2039,40102,9502,24202,6397,SANPETE
392040,39,2040,40410,9530,24439,6441,SANPETE
392041,39,2041,40696,9531,24664,6501,SANPETE
392042,39,2042,40964,9509,24887,6568,SANPETE
392043,39,2043,41213,9469,25132,6612,SANPETE
392044,39,2044,41451,9415,25379,6657,SANPETE
392045,39,2045,41682,9351,25661,6671,SANPETE
392046,39,2046,41911,9282,25974,6654,SANPETE
392047,39,2047,42140,9212,26271,6658,SANPETE
392048,39,2048,42377,9145,26569,6663,SANPETE
392049,39,2049,42626,9088,26875,6663,SANPETE
392050,39,2050,42893,9043,27177,6673,SANPETE
392051,39,2051,43183,9016,27488,6680,SANPETE
392052,39,2052,43499,9007,27798,6694,SANPETE
392053,39,2053,43844,9019,28105,6720,SANPETE
392054,39,2054,44213,9051,28395,6767,SANPETE
392055,39,2055,44609,9103,28661,6845,SANPETE
392056,39,2056,45031,9174,28893,6963,SANPETE
392057,39,2057,45479,9263,29055,7161,SANPETE
392058,39,2058,45951,9367,29180,7405,SANPETE
392059,39,2059,46441,9482,29305,7654,SANPETE
392060,39,2060,46949,9607,29457,7885,SANPETE
392061,39,2061,47467,9736,29586,8145,SANPETE
392062,39,2062,47992,9866,29683,8444,SANPETE
392063,39,2063,48524,9994,29792,8739,SANPETE
392064,39,2064,49058,10116,29909,9034,SANPETE
392065,39,2065,49590,10229,30018,9343,SANPETE
412010,41,2010,20814,6589,11208,3018,SEVIER
412011,41,2011,20893,6572,11313,3008,SEVIER
412012,41,2012,21053,6534,11375,3144,SEVIER
412013,41,2013,21020,6457,11379,3184,SEVIER
412014,41,2014,21101,6437,11427,3236,SEVIER
412015,41,2015,21238,6466,11499,3273,SEVIER
412016,41,2016,21517,6476,11635,3406,SEVIER
412017,41,2017,21926,6533,11824,3569,SEVIER
412018,41,2018,22357,6589,12040,3729,SEVIER
412019,41,2019,22754,6650,12204,3901,SEVIER
412020,41,2020,23097,6680,12354,4064,SEVIER
412021,41,2021,23430,6695,12509,4226,SEVIER
412022,41,2022,23730,6685,12671,4374,SEVIER
412023,41,2023,24006,6676,12827,4503,SEVIER
412024,41,2024,24260,6655,12963,4642,SEVIER
412025,41,2025,24494,6632,13101,4761,SEVIER
412026,41,2026,24736,6627,13219,4890,SEVIER
412027,41,2027,24967,6630,13339,4998,SEVIER
412028,41,2028,25211,6638,13478,5095,SEVIER
412029,41,2029,25465,6657,13632,5177,SEVIER
412030,41,2030,25720,6736,13757,5227,SEVIER
412031,41,2031,25967,6822,13881,5265,SEVIER
412032,41,2032,26214,6881,14028,5304,SEVIER
412033,41,2033,26452,6920,14213,5320,SEVIER
412034,41,2034,26680,6976,14369,5335,SEVIER
412035,41,2035,26896,7010,14504,5382,SEVIER
412036,41,2036,27103,7039,14637,5427,SEVIER
412037,41,2037,27305,7067,14762,5476,SEVIER
412038,41,2038,27501,7092,14885,5524,SEVIER
412039,41,2039,27696,7117,14991,5588,SEVIER
412040,41,2040,27893,7142,15090,5661,SEVIER
412041,41,2041,28091,7166,15171,5754,SEVIER
412042,41,2042,28292,7189,15224,5879,SEVIER
412043,41,2043,28490,7210,15264,6015,SEVIER
412044,41,2044,28686,7229,15300,6157,SEVIER
412045,41,2045,28879,7244,15322,6312,SEVIER
412046,41,2046,29068,7256,15361,6451,SEVIER
412047,41,2047,29253,7264,15419,6570,SEVIER
412048,41,2048,29438,7271,15475,6692,SEVIER
412049,41,2049,29620,7276,15544,6800,SEVIER
412050,41,2050,29804,7281,15615,6909,SEVIER
412051,41,2051,29992,7288,15709,6996,SEVIER
412052,41,2052,30184,7299,15806,7078,SEVIER
412053,41,2053,30377,7313,15894,7170,SEVIER
412054,41,2054,30574,7332,15979,7262,SEVIER
412055,41,2055,30774,7356,16044,7373,SEVIER
412056,41,2056,30976,7384,16097,7495,SEVIER
412057,41,2057,31183,7416,16125,7642,SEVIER
412058,41,2058,31393,7451,16158,7784,SEVIER
412059,41,2059,31603,7487,16220,7896,SEVIER
412060,41,2060,31812,7525,16302,7985,SEVIER
412061,41,2061,32019,7563,16362,8094,SEVIER
412062,41,2062,32222,7600,16413,8209,SEVIER
412063,41,2063,32420,7636,16483,8302,SEVIER
412064,41,2064,32614,7671,16556,8387,SEVIER
412065,41,2065,32802,7704,16617,8480,SEVIER
432010,43,2010,36562,10085,23691,2786,SUMMIT
432011,43,2011,37396,10093,24275,3028,SUMMIT
432012,43,2012,37936,9995,24625,3316,SUMMIT
432013,43,2013,38212,9825,24883,3504,SUMMIT
432014,43,2014,38677,9716,25134,3826,SUMMIT
432015,43,2015,39278,9688,25484,4106,SUMMIT
432016,43,2016,40050,9616,25957,4476,SUMMIT
432017,43,2017,40740,9641,26257,4842,SUMMIT
432018,43,2018,41436,9653,26514,5269,SUMMIT
432019,43,2019,42135,9669,26758,5708,SUMMIT
432020,43,2020,42829,9671,27014,6144,SUMMIT
432021,43,2021,43553,9693,27244,6616,SUMMIT
432022,43,2022,44268,9735,27436,7096,SUMMIT
432023,43,2023,44978,9811,27563,7605,SUMMIT
432024,43,2024,45691,9885,27710,8096,SUMMIT
432025,43,2025,46404,9978,27863,8562,SUMMIT
432026,43,2026,47205,10128,28063,9015,SUMMIT
432027,43,2027,48015,10310,28255,9450,SUMMIT
432028,43,2028,48844,10508,28422,9914,SUMMIT
432029,43,2029,49692,10722,28591,10378,SUMMIT
432030,43,2030,50558,10990,28760,10808,SUMMIT
432031,43,2031,51429,11285,28958,11185,SUMMIT
432032,43,2032,52300,11595,29135,11570,SUMMIT
432033,43,2033,53141,11872,29347,11922,SUMMIT
432034,43,2034,53945,12153,29503,12289,SUMMIT
432035,43,2035,54706,12320,29691,12695,SUMMIT
432036,43,2036,55427,12454,29900,13072,SUMMIT
432037,43,2037,56113,12567,30137,13408,SUMMIT
432038,43,2038,56763,12661,30392,13710,SUMMIT
432039,43,2039,57386,12739,30663,13983,SUMMIT
432040,43,2040,57983,12805,30922,14256,SUMMIT
432041,43,2041,58551,12858,31194,14500,SUMMIT
432042,43,2042,59098,12901,31452,14745,SUMMIT
432043,43,2043,59625,12936,31707,14981,SUMMIT
432044,43,2044,60139,12969,31985,15186,SUMMIT
432045,43,2045,60644,13002,32250,15393,SUMMIT
432046,43,2046,61141,13037,32520,15584,SUMMIT
432047,43,2047,61631,13077,32821,15734,SUMMIT
432048,43,2048,62120,13124,33128,15868,SUMMIT
432049,43,2049,62607,13180,33381,16046,SUMMIT
432050,43,2050,63097,13248,33545,16304,SUMMIT
432051,43,2051,63595,13332,33676,16587,SUMMIT
432052,43,2052,64096,13431,33811,16854,SUMMIT
432053,43,2053,64600,13545,34023,17032,SUMMIT
432054,43,2054,65109,13674,34337,17097,SUMMIT
432055,43,2055,65624,13819,34672,17133,SUMMIT
432056,43,2056,66145,13976,34981,17188,SUMMIT
432057,43,2057,66669,14143,35205,17321,SUMMIT
432058,43,2058,67196,14316,35362,17518,SUMMIT
432059,43,2059,67723,14492,35514,17717,SUMMIT
432060,43,2060,68248,14667,35661,17920,SUMMIT
432061,43,2061,68769,14836,35800,18134,SUMMIT
432062,43,2062,69282,14996,35928,18358,SUMMIT
432063,43,2063,69784,15144,36058,18581,SUMMIT
432064,43,2064,70273,15279,36213,18781,SUMMIT
432065,43,2065,70750,15399,36365,18986,SUMMIT
452010,45,2010,58358,21027,32941,4390,TOOELE
452011,45,2011,59151,21086,33562,4503,TOOELE
452012,45,2012,60131,21163,34247,4721,TOOELE
452013,45,2013,61367,21344,35083,4940,TOOELE
452014,45,2014,62182,21337,35579,5266,TOOELE
452015,45,2015,63262,21375,36375,5512,TOOELE
452016,45,2016,65285,21666,37818,5801,TOOELE
452017,45,2017,67550,22009,39278,6264,TOOELE
452018,45,2018,69862,22295,40833,6734,TOOELE
452019,45,2019,72121,22551,42337,7233,TOOELE
452020,45,2020,74293,22792,43766,7734,TOOELE
452021,45,2021,76418,22940,45158,8320,TOOELE
452022,45,2022,78429,23038,46478,8913,TOOELE
452023,45,2023,80329,23128,47766,9434,TOOELE
452024,45,2024,82150,23183,49053,9914,TOOELE
452025,45,2025,83922,23189,50326,10407,TOOELE
452026,45,2026,85753,23283,51559,10911,TOOELE
452027,45,2027,87605,23467,52707,11431,TOOELE
452028,45,2028,89479,23711,53821,11947,TOOELE
452029,45,2029,91365,24087,54855,12424,TOOELE
452030,45,2030,93258,24515,55855,12888,TOOELE
452031,45,2031,95149,24944,56885,13320,TOOELE
452032,45,2032,97029,25394,57854,13781,TOOELE
452033,45,2033,98868,25860,58713,14295,TOOELE
452034,45,2034,100641,26300,59507,14834,TOOELE
452035,45,2035,102338,26666,60247,15425,TOOELE
452036,45,2036,103953,26985,60870,16098,TOOELE
452037,45,2037,105485,27260,61438,16787,TOOELE
452038,45,2038,106929,27490,61983,17456,TOOELE
452039,45,2039,108278,27671,62475,18132,TOOELE
452040,45,2040,109548,27808,62886,18854,TOOELE
452041,45,2041,110788,27917,63269,19601,TOOELE
452042,45,2042,112003,28001,63604,20398,TOOELE
452043,45,2043,113190,28060,63900,21230,TOOELE
452044,45,2044,114345,28096,64174,22075,TOOELE
452045,45,2045,115463,28111,64406,22946,TOOELE
452046,45,2046,116546,28108,64625,23812,TOOELE
452047,45,2047,117592,28090,64887,24616,TOOELE
452048,45,2048,118609,28063,65208,25337,TOOELE
452049,45,2049,119602,28033,65621,25948,TOOELE
452050,45,2050,120575,28007,66070,26499,TOOELE
452051,45,2051,121538,27994,66548,26997,TOOELE
452052,45,2052,122492,27995,67032,27465,TOOELE
452053,45,2053,123435,28015,67569,27851,TOOELE
452054,45,2054,124366,28054,68156,28155,TOOELE
452055,45,2055,125291,28116,68700,28475,TOOELE
452056,45,2056,126213,28199,69138,28876,TOOELE
452057,45,2057,127134,28303,69544,29287,TOOELE
452058,45,2058,128057,28427,69948,29682,TOOELE
452059,45,2059,128978,28567,70336,30076,TOOELE
452060,45,2060,129894,28718,70711,30465,TOOELE
452061,45,2061,130803,28877,71023,30903,TOOELE
452062,45,2062,131701,29041,71224,31436,TOOELE
452063,45,2063,132581,29205,71427,31949,TOOELE
452064,45,2064,133438,29364,71634,32440,TOOELE
452065,45,2065,134272,29517,71765,32990,TOOELE
472010,47,2010,32760,10905,18843,3013,UINTAH
472011,47,2011,33943,11314,19621,3007,UINTAH
472012,47,2012,35047,11727,20185,3134,UINTAH
472013,47,2013,36145,12193,20739,3213,UINTAH
472014,47,2014,36979,12590,21061,3328,UINTAH
472015,47,2015,37396,12823,21198,3374,UINTAH
472016,47,2016,36580,12487,20553,3540,UINTAH
472017,47,2017,37419,12736,20961,3722,UINTAH
472018,47,2018,38328,13032,21397,3899,UINTAH
472019,47,2019,39112,13267,21740,4104,UINTAH
472020,47,2020,39740,13396,22037,4307,UINTAH
472021,47,2021,40320,13459,22329,4532,UINTAH
472022,47,2022,40834,13477,22569,4788,UINTAH
472023,47,2023,41290,13442,22799,5049,UINTAH
472024,47,2024,41705,13359,23051,5294,UINTAH
472025,47,2025,42077,13239,23315,5523,UINTAH
472026,47,2026,42467,13149,23561,5757,UINTAH
472027,47,2027,42855,13048,23842,5966,UINTAH
472028,47,2028,43244,12971,24126,6147,UINTAH
472029,47,2029,43620,12947,24354,6319,UINTAH
472030,47,2030,43981,12910,24614,6456,UINTAH
472031,47,2031,44339,12828,24970,6541,UINTAH
472032,47,2032,44726,12762,25316,6648,UINTAH
472033,47,2033,45130,12739,25637,6754,UINTAH
472034,47,2034,45548,12812,25861,6874,UINTAH
472035,47,2035,45978,12874,26074,7030,UINTAH
472036,47,2036,46418,12957,26269,7191,UINTAH
472037,47,2037,46870,13059,26486,7326,UINTAH
472038,47,2038,47333,13176,26719,7438,UINTAH
472039,47,2039,47801,13304,26917,7580,UINTAH
472040,47,2040,48274,13439,27060,7775,UINTAH
472041,47,2041,48748,13578,27171,7999,UINTAH
472042,47,2042,49223,13718,27252,8253,UINTAH
472043,47,2043,49692,13854,27317,8521,UINTAH
472044,47,2044,50155,13980,27390,8784,UINTAH
472045,47,2045,50609,14096,27443,9070,UINTAH
472046,47,2046,51050,14198,27498,9354,UINTAH
472047,47,2047,51476,14283,27527,9665,UINTAH
472048,47,2048,51893,14355,27517,10021,UINTAH
472049,47,2049,52299,14411,27524,10364,UINTAH
472050,47,2050,52695,14455,27538,10703,UINTAH
472051,47,2051,53084,14489,27593,11002,UINTAH
472052,47,2052,53461,14515,27667,11279,UINTAH
472053,47,2053,53826,14533,27752,11542,UINTAH
472054,47,2054,54179,14544,27840,11795,UINTAH
472055,47,2055,54523,14552,27940,12031,UINTAH
472056,47,2056,54861,14562,28044,12255,UINTAH
472057,47,2057,55193,14574,28209,12410,UINTAH
472058,47,2058,55521,14592,28410,12519,UINTAH
472059,47,2059,55846,14617,28660,12569,UINTAH
472060,47,2060,56166,14649,28913,12604,UINTAH
472061,47,2061,56485,14690,29152,12643,UINTAH
472062,47,2062,56804,14741,29353,12710,UINTAH
472063,47,2063,57124,14801,29592,12730,UINTAH
472064,47,2064,57446,14872,29802,12772,UINTAH
472065,47,2065,57766,14949,30012,12805,UINTAH
492010,49,2010,518872,183006,302260,33606,UTAH
492011,49,2011,532753,188082,309776,34895,UTAH
492012,49,2012,544892,191903,316426,36563,UTAH
492013,49,2013,554401,194723,321586,38092,UTAH
492014,49,2014,567208,198548,328652,40007,UTAH
492015,49,2015,585694,204215,339819,41660,UTAH
492016,49,2016,603362,208414,351376,43572,UTAH
492017,49,2017,623706,213441,363647,46619,UTAH
492018,49,2018,643068,217952,375112,50005,UTAH
492019,49,2019,661286,222019,385853,53414,UTAH
492020,49,2020,679188,225979,396462,56747,UTAH
492021,49,2021,697248,229697,407312,60239,UTAH
492022,49,2022,715117,233499,417912,63707,UTAH
492023,49,2023,732872,237204,428603,67065,UTAH
492024,49,2024,750595,241112,439164,70320,UTAH
492025,49,2025,768346,245035,449873,73438,UTAH
492026,49,2026,786238,249169,460709,76360,UTAH
492027,49,2027,804365,253590,471522,79252,UTAH
492028,49,2028,823017,258257,482568,82191,UTAH
492029,49,2029,842118,263383,493782,84953,UTAH
492030,49,2030,861852,269548,504595,87708,UTAH
492031,49,2031,882227,275714,516049,90464,UTAH
492032,49,2032,903334,282615,527257,93461,UTAH
492033,49,2033,924828,289910,538390,96527,UTAH
492034,49,2034,946574,297648,549250,99676,UTAH
492035,49,2035,968498,304545,560804,103149,UTAH
492036,49,2036,990581,311381,572463,106737,UTAH
492037,49,2037,1012812,318187,584385,110239,UTAH
492038,49,2038,1035133,324911,596466,113755,UTAH
492039,49,2039,1057553,331545,608644,117364,UTAH
492040,49,2040,1080082,338058,620688,121337,UTAH
492041,49,2041,1102643,344389,632611,125642,UTAH
492042,49,2042,1125227,350523,644604,130100,UTAH
492043,49,2043,1148071,356522,656966,134582,UTAH
492044,49,2044,1170413,362128,669272,139013,UTAH
492045,49,2045,1192304,367356,681524,143424,UTAH
492046,49,2046,1213809,372252,693858,147699,UTAH
492047,49,2047,1235008,376866,706257,151886,UTAH
492048,49,2048,1255983,381241,718657,156085,UTAH
492049,49,2049,1276789,385433,731460,159896,UTAH
492050,49,2050,1297515,389496,743921,164098,UTAH
492051,49,2051,1317014,393088,755359,168568,UTAH
492052,49,2052,1336690,396725,767075,172890,UTAH
492053,49,2053,1356562,400466,779002,177094,UTAH
492054,49,2054,1376638,404356,791254,181028,UTAH
492055,49,2055,1396997,408465,802950,185582,UTAH
492056,49,2056,1417721,412857,813316,191549,UTAH
492057,49,2057,1438815,417559,825375,195881,UTAH
492058,49,2058,1460298,422581,837902,199815,UTAH
492059,49,2059,1482175,427920,850596,203659,UTAH
492060,49,2060,1504433,433556,863198,207678,UTAH
492061,49,2061,1527044,439452,874962,212630,UTAH
492062,49,2062,1549985,445570,885957,218457,UTAH
492063,49,2063,1573209,451869,897185,224155,UTAH
492064,49,2064,1596655,458291,908256,230108,UTAH
492065,49,2065,1620246,464774,919069,236402,UTAH
512010,51,2010,23652,7998,13627,2027,WASATCH
512011,51,2011,24484,8211,14139,2134,WASATCH
512012,51,2012,25542,8485,14769,2288,WASATCH
512013,51,2013,26389,8669,15270,2451,WASATCH
512014,51,2014,27342,8919,15822,2601,WASATCH
512015,51,2015,28613,9245,16520,2848,WASATCH
512016,51,2016,29995,9550,17352,3094,WASATCH
512017,51,2017,31470,9865,18253,3352,WASATCH
512018,51,2018,32931,10161,19116,3654,WASATCH
512019,51,2019,34348,10405,20023,3920,WASATCH
512020,51,2020,35713,10621,20902,4189,WASATCH
512021,51,2021,37061,10798,21746,4516,WASATCH
512022,51,2022,38364,10932,22574,4858,WASATCH
512023,51,2023,39625,11064,23378,5183,WASATCH
512024,51,2024,40845,11178,24184,5483,WASATCH
512025,51,2025,42027,11279,24953,5795,WASATCH
512026,51,2026,43237,11378,25763,6096,WASATCH
512027,51,2027,44452,11501,26553,6398,WASATCH
512028,51,2028,45683,11674,27321,6688,WASATCH
512029,51,2029,46924,11925,28037,6962,WASATCH
512030,51,2030,48168,12214,28740,7213,WASATCH
512031,51,2031,49398,12494,29427,7477,WASATCH
512032,51,2032,50619,12768,30102,7749,WASATCH
512033,51,2033,51834,13008,30790,8036,WASATCH
512034,51,2034,53036,13271,31432,8333,WASATCH
512035,51,2035,54218,13553,32017,8648,WASATCH
512036,51,2036,55375,13841,32527,9007,WASATCH
512037,51,2037,56506,14125,33001,9380,WASATCH
512038,51,2038,57602,14396,33449,9757,WASATCH
512039,51,2039,58655,14648,33869,10137,WASATCH
512040,51,2040,59665,14878,34248,10539,WASATCH
512041,51,2041,60666,15095,34588,10983,WASATCH
512042,51,2042,61657,15296,34903,11459,WASATCH
512043,51,2043,62633,15478,35199,11955,WASATCH
512044,51,2044,63590,15641,35515,12434,WASATCH
512045,51,2045,64526,15782,35870,12875,WASATCH
512046,51,2046,65439,15901,36276,13263,WASATCH
512047,51,2047,66331,15999,36684,13648,WASATCH
512048,51,2048,67204,16077,37080,14047,WASATCH
512049,51,2049,68061,16139,37493,14429,WASATCH
512050,51,2050,68904,16188,37931,14785,WASATCH
512051,51,2051,69741,16230,38381,15129,WASATCH
512052,51,2052,70572,16269,38838,15465,WASATCH
512053,51,2053,71397,16307,39317,15772,WASATCH
512054,51,2054,72219,16350,39815,16054,WASATCH
512055,51,2055,73042,16401,40296,16346,WASATCH
512056,51,2056,73872,16463,40745,16664,WASATCH
512057,51,2057,74715,16542,41225,16948,WASATCH
512058,51,2058,75571,16639,41727,17206,WASATCH
512059,51,2059,76445,16755,42236,17453,WASATCH
512060,51,2060,77333,16892,42726,17715,WASATCH
512061,51,2061,78237,17049,43183,18005,WASATCH
512062,51,2062,79156,17225,43591,18340,WASATCH
512063,51,2063,80094,17421,43996,18677,WASATCH
512064,51,2064,81050,17634,44399,19016,WASATCH
512065,51,2065,82018,17860,44792,19366,WASATCH
532010,53,2010,138579,41675,72998,23906,WASHINGTON
532011,53,2011,141797,41896,74976,24924,WASHINGTON
532012,53,2012,144061,41591,76087,26383,WASHINGTON
532013,53,2013,147058,41666,77747,27645,WASHINGTON
532014,53,2014,150500,41771,79207,29522,WASHINGTON
532015,53,2015,154602,42140,81423,31039,WASHINGTON
532016,53,2016,160359,42636,84710,33012,WASHINGTON
532017,53,2017,166534,43504,87916,35114,WASHINGTON
532018,53,2018,173226,44455,91289,37482,WASHINGTON
532019,53,2019,179953,45476,94741,39736,WASHINGTON
532020,53,2020,186618,46431,98301,41885,WASHINGTON
532021,53,2021,193437,47346,102022,44069,WASHINGTON
532022,53,2022,200091,48233,105814,46045,WASHINGTON
532023,53,2023,206551,49117,109548,47886,WASHINGTON
532024,53,2024,212851,49980,113278,49593,WASHINGTON
532025,53,2025,219019,50822,116959,51237,WASHINGTON
532026,53,2026,225301,51819,120832,52650,WASHINGTON
532027,53,2027,231647,52982,124684,53981,WASHINGTON
532028,53,2028,238162,54374,128449,55339,WASHINGTON
532029,53,2029,244834,55919,132227,56688,WASHINGTON
532030,53,2030,251636,57751,135892,57993,WASHINGTON
532031,53,2031,258560,59672,139638,59249,WASHINGTON
532032,53,2032,265659,61586,143502,60571,WASHINGTON
532033,53,2033,272757,63516,147249,61992,WASHINGTON
532034,53,2034,279798,65552,150750,63496,WASHINGTON
532035,53,2035,286768,67189,154514,65065,WASHINGTON
532036,53,2036,293688,68679,158307,66701,WASHINGTON
532037,53,2037,300557,70085,162135,68336,WASHINGTON
532038,53,2038,307369,71417,166017,69936,WASHINGTON
532039,53,2039,314159,72685,169899,71575,WASHINGTON
532040,53,2040,320956,73898,173726,73332,WASHINGTON
532041,53,2041,327790,75066,177484,75239,WASHINGTON
532042,53,2042,334667,76194,181145,77328,WASHINGTON
532043,53,2043,341580,77283,184716,79581,WASHINGTON
532044,53,2044,348541,78345,188218,81978,WASHINGTON
532045,53,2045,355549,79389,191555,84604,WASHINGTON
532046,53,2046,362607,80427,194799,87381,WASHINGTON
532047,53,2047,369716,81466,198022,90229,WASHINGTON
532048,53,2048,376891,82515,201322,93054,WASHINGTON
532049,53,2049,384140,83589,204819,95732,WASHINGTON
532050,53,2050,391468,84696,208395,98376,WASHINGTON
532051,53,2051,398894,85860,211921,101113,WASHINGTON
532052,53,2052,406402,87089,215416,103898,WASHINGTON
532053,53,2053,413976,88394,218971,106611,WASHINGTON
532054,53,2054,421604,89787,222581,109236,WASHINGTON
532055,53,2055,429295,91276,226056,111963,WASHINGTON
532056,53,2056,437059,92869,229323,114866,WASHINGTON
532057,53,2057,444902,94568,232644,117691,WASHINGTON
532058,53,2058,452821,96364,236068,120389,WASHINGTON
532059,53,2059,460804,98243,239628,122933,WASHINGTON
532060,53,2060,468830,100189,243332,125309,WASHINGTON
532061,53,2061,476889,102181,246990,127718,WASHINGTON
532062,53,2062,484960,104202,250451,130308,WASHINGTON
532063,53,2063,493018,106234,253813,132971,WASHINGTON
532064,53,2064,501026,108257,257106,135663,WASHINGTON
532065,53,2065,508952,110256,260293,138403,WASHINGTON
552010,55,2010,2782,837,1520,426,WAYNE
552011,55,2011,2766,813,1509,444,WAYNE
552012,55,2012,2773,801,1504,468,WAYNE
552013,55,2013,2748,783,1485,480,WAYNE
552014,55,2014,2740,770,1472,498,WAYNE
552015,55,2015,2725,760,1455,509,WAYNE
552016,55,2016,2718,740,1438,540,WAYNE
552017,55,2017,2747,742,1444,561,WAYNE
552018,55,2018,2778,737,1467,574,WAYNE
552019,55,2019,2807,736,1492,579,WAYNE
552020,55,2020,2832,732,1512,588,WAYNE
552021,55,2021,2861,727,1530,603,WAYNE
552022,55,2022,2890,717,1558,616,WAYNE
552023,55,2023,2922,715,1574,632,WAYNE
552024,55,2024,2953,720,1587,647,WAYNE
552025,55,2025,2985,726,1600,659,WAYNE
552026,55,2026,3020,734,1617,669,WAYNE
552027,55,2027,3057,743,1632,682,WAYNE
552028,55,2028,3095,754,1650,691,WAYNE
552029,55,2029,3135,771,1663,701,WAYNE
552030,55,2030,3175,788,1685,702,WAYNE
552031,55,2031,3216,813,1699,704,WAYNE
552032,55,2032,3255,831,1717,707,WAYNE
552033,55,2033,3293,854,1734,705,WAYNE
552034,55,2034,3329,869,1762,698,WAYNE
552035,55,2035,3363,884,1779,700,WAYNE
552036,55,2036,3394,898,1795,701,WAYNE
552037,55,2037,3423,909,1807,707,WAYNE
552038,55,2038,3449,917,1816,715,WAYNE
552039,55,2039,3473,923,1828,722,WAYNE
552040,55,2040,3496,928,1837,731,WAYNE
552041,55,2041,3518,931,1843,744,WAYNE
552042,55,2042,3538,932,1860,746,WAYNE
552043,55,2043,3557,931,1873,753,WAYNE
552044,55,2044,3575,930,1887,759,WAYNE
552045,55,2045,3593,927,1898,768,WAYNE
552046,55,2046,3609,923,1905,782,WAYNE
552047,55,2047,3626,918,1912,796,WAYNE
552048,55,2048,3642,914,1925,803,WAYNE
552049,55,2049,3659,910,1940,808,WAYNE
552050,55,2050,3676,907,1958,812,WAYNE
552051,55,2051,3696,905,1978,812,WAYNE
552052,55,2052,3716,905,1997,814,WAYNE
552053,55,2053,3739,907,2017,816,WAYNE
552054,55,2054,3764,910,2040,814,WAYNE
552055,55,2055,3792,916,2064,812,WAYNE
552056,55,2056,3821,923,2081,817,WAYNE
552057,55,2057,3853,932,2091,830,WAYNE
552058,55,2058,3885,942,2094,849,WAYNE
552059,55,2059,3918,953,2098,867,WAYNE
552060,55,2060,3953,965,2110,878,WAYNE
552061,55,2061,3988,977,2118,893,WAYNE
552062,55,2062,4024,989,2131,903,WAYNE
552063,55,2063,4060,1001,2137,921,WAYNE
552064,55,2064,4095,1012,2148,935,WAYNE
552065,55,2065,4130,1022,2155,953,WAYNE
572010,57,2010,231833,69425,138960,23448,WEBER
572011,57,2011,233819,69578,140224,24017,WEBER
572012,57,2012,236391,70002,141306,25082,WEBER
572013,57,2013,237918,70042,141987,25889,WEBER
572014,57,2014,239582,70144,142742,26696,WEBER
572015,57,2015,242737,70697,144590,27450,WEBER
572016,57,2016,245672,71017,146494,28160,WEBER
572017,57,2017,250832,71954,149549,29328,WEBER
572018,57,2018,256282,73019,152676,30586,WEBER
572019,57,2019,261558,73931,155688,31939,WEBER
572020,57,2020,266440,74785,158303,33351,WEBER
572021,57,2021,271129,75472,160656,35001,WEBER
572022,57,2022,275445,75966,162821,36659,WEBER
572023,57,2023,279475,76339,164849,38287,WEBER
572024,57,2024,283192,76522,166784,39886,WEBER
572025,57,2025,286593,76537,168564,41492,WEBER
572026,57,2026,290052,76533,170452,43067,WEBER
572027,57,2027,293358,76500,172290,44568,WEBER
572028,57,2028,296561,76525,174144,45892,WEBER
572029,57,2029,299678,76655,175859,47164,WEBER
572030,57,2030,302764,76850,177609,48305,WEBER
572031,57,2031,305802,77065,179472,49264,WEBER
572032,57,2032,308796,77432,181178,50186,WEBER
572033,57,2033,311723,77729,183005,50989,WEBER
572034,57,2034,314567,77998,184740,51829,WEBER
572035,57,2035,317344,78180,186378,52786,WEBER
572036,57,2036,320064,78366,187897,53800,WEBER
572037,57,2037,322750,78574,189473,54703,WEBER
572038,57,2038,325413,78807,191142,55464,WEBER
572039,57,2039,328069,79068,192624,56376,WEBER
572040,57,2040,330732,79364,194044,57323,WEBER
572041,57,2041,333401,79687,195334,58380,WEBER
572042,57,2042,336073,80029,196471,59573,WEBER
572043,57,2043,338740,80380,197455,60906,WEBER
572044,57,2044,341391,80737,198386,62268,WEBER
572045,57,2045,344025,81093,199202,63730,WEBER
572046,57,2046,346636,81440,199899,65297,WEBER
572047,57,2047,349217,81768,200547,66903,WEBER
572048,57,2048,351779,82076,201200,68504,WEBER
572049,57,2049,354310,82359,201862,70089,WEBER
572050,57,2050,356812,82615,202419,71778,WEBER
572051,57,2051,359274,82850,202919,73505,WEBER
572052,57,2052,361701,83059,203446,75196,WEBER
572053,57,2053,364069,83239,204074,76756,WEBER
572054,57,2054,366374,83395,204536,78444,WEBER
572055,57,2055,368635,83535,204839,80262,WEBER
572056,57,2056,370848,83663,205332,81853,WEBER
572057,57,2057,373018,83783,206176,83059,WEBER
572058,57,2058,375155,83902,207214,84039,WEBER
572059,57,2059,377267,84027,208470,84770,WEBER
572060,57,2060,379350,84159,209720,85471,WEBER
572061,57,2061,381404,84303,210765,86336,WEBER
572062,57,2062,383436,84460,211563,87413,WEBER
572063,57,2063,385438,84632,212450,88357,WEBER
572064,57,2064,387405,84818,213312,89275,WEBER
572065,57,2065,389334,85018,214116,90200,WEBER
