Version,Bin,HBW,HBShp,HBOth,HBSch_Pr,HBSch_Sc,NHBW,NHBNW,LT,MD,HV,IX,IX_LT,IX_MD,IX_HV,XI,XI_LT,XI_MD,XI_HV
v9,0,1,1,1,1,1,1,1,1,1,1,1,1,1,1,1,1,1,1
v9,2,0.9993574,0.995,0.98,0.88,0.9192479,0.98,0.9998,0.7347092,0.8973684,0.7726857,0.9989529,0.9989529,0.9923661,0.9923943,0.998,0.998,0.9644044,0.9582352
v9,4,0.94,0.7468942,0.8156454,0.73,0.3193954,0.885,0.8618253,0.3762377,0.4765048,0.3891048,0.9897059,0.9897059,0.9549386,0.960358,0.96,0.96,0.8664545,0.8770457
v9,6,0.3056558,0.4987883,0.2313592,0.3954032,0.0385103,0.55,0.4028693,0.1041812,0.2064763,0.1472042,0.9641176,0.9641176,0.8688088,0.8783566,0.7399215,0.7399215,0.6864575,0.6958914
v9,8,0.1727251,0.2704202,0.1002163,0.0645669,0.0095252,0.3266144,0.2086301,0.0285376,0.0794659,0.0477423,0.8822073,0.8822073,0.7319701,0.7475109,0.5261421,0.5261421,0.4558959,0.4352722
v9,10,0.1353842,0.1461689,0.0573553,0.00705,0.0051119,0.2008064,0.1096581,0.0148914,0.0268644,0.0172999,0.7939322,0.7939322,0.5749666,0.5878292,0.3947206,0.3947206,0.2664798,0.2714227
v9,12,0.1140703,0.0670591,0.0330797,0.00305,0.0026495,0.1358886,0.0696255,0.0087556,0.0141521,0.0108967,0.7063664,0.7063664,0.4369421,0.4499912,0.2653975,0.2653975,0.1551087,0.1644043
v9,14,0.1005736,0.0356597,0.021126,0.0016448,0.0013636,0.094952,0.0478365,0.0056553,0.0117008,0.0094196,0.6188006,0.6188006,0.3583903,0.3663669,0.1643149,0.1643149,0.0996684,0.0972675
v9,16,0.0869858,0.0207377,0.011634,0.0012,0.0008267,0.0667636,0.0323396,0.0039161,0.0099851,0.0084724,0.5312349,0.5312349,0.3163803,0.3207559,0.119527,0.119527,0.0681803,0.0638696
v9,18,0.0731164,0.0131923,0.0082001,0.00097,0.0005811,0.0490878,0.0233767,0.002989,0.0086218,0.0076443,0.4436691,0.4436691,0.2910523,0.2942064,0.0958463,0.0958463,0.0495711,0.0485701
v9,20,0.0609015,0.0095254,0.005938,0.0008109,0.00039,0.0385711,0.017536,0.0024816,0.0076667,0.0069537,0.3561033,0.3561033,0.2689028,0.2719896,0.0703973,0.0703973,0.0389049,0.03858
v9,22,0.0547265,0.0063796,0.0046668,0.0006389,0.00024,0.0289765,0.0117616,0.0021025,0.006964,0.0064475,0.3409288,0.3409288,0.2483577,0.251654,0.0662551,0.0662551,0.0312677,0.0311479
v9,24,0.0485515,0.004583,0.0037364,0.0005027,0.0001507,0.0226269,0.0089709,0.0017986,0.0064344,0.0060179,0.3257543,0.3257543,0.2278651,0.2307117,0.0621129,0.0621129,0.0261709,0.0268196
v9,26,0.0423765,0.0033079,0.0028297,0.0003963,0.0000796,0.0188509,0.0073854,0.0015469,0.0060098,0.0056518,0.3105798,0.3105798,0.207758,0.2119367,0.0579707,0.0579707,0.023169,0.0243409
v9,28,0.0362015,0.0022695,0.002346,0.0003241,0.0000574,0.016524,0.0062842,0.0013617,0.0055973,0.0053328,0.2954053,0.2954053,0.1916977,0.196161,0.0538285,0.0538285,0.0211459,0.0222182
v9,30,0.0300264,0.0016008,0.0020254,0.0002519,0.0000448,0.014488,0.0051829,0.0011984,0.0051919,0.0050535,0.2802308,0.2802308,0.1789855,0.1826424,0.0496863,0.0496863,0.0192689,0.0200302
v9,32,0.0276069,0.0013555,0.0017504,0.000196,0.000039,0.0129297,0.0042451,0.001047,0.0048079,0.0047988,0.2602102,0.2602102,0.1678619,0.1695442,0.0455685,0.0455685,0.0174621,0.0178057
v9,34,0.0251873,0.0011102,0.0014753,0.0001483,0.0000354,0.0113714,0.0035822,0.0009033,0.0044838,0.0045409,0.2401896,0.2401896,0.1570683,0.1576439,0.0414506,0.0414506,0.0156816,0.0159545
v9,36,0.0227677,0.0008649,0.001282,0.0000928,0.0000317,0.0098131,0.0029192,0.000771,0.0041688,0.0042796,0.2201689,0.2201689,0.1467546,0.1481457,0.0373328,0.0373328,0.0141801,0.0148194
v9,38,0.0203481,0.0006195,0.0011009,0.0000411,0.0000295,0.0082548,0.0025712,0.000657,0.0038444,0.00404,0.2001483,0.2001483,0.1379062,0.1406361,0.0332149,0.0332149,0.0129885,0.0138979
v9,40,0.0179285,0.0003742,0.0009311,0.000019,0.0000273,0.0066965,0.0022231,0.000563,0.0035164,0.0037789,0.1801277,0.1801277,0.1308197,0.133653,0.0290971,0.0290971,0.0119511,0.0130291
v9,42,0.0166298,0.0003357,0.0008177,0.0000155,0.0000253,0.0061917,0.0020464,0.0004907,0.0031942,0.0035162,0.1711277,0.1711277,0.1243463,0.1268366,0.0280922,0.0280922,0.0109483,0.0121404
v9,44,0.0153311,0.0002971,0.0007044,0.0000135,0.0000233,0.005687,0.0018697,0.0004423,0.0028645,0.003257,0.1621277,0.1621277,0.117844,0.1205756,0.0270873,0.0270873,0.0099066,0.0112935
v9,46,0.0140323,0.0002586,0.000591,0.0000115,0.0000214,0.0051823,0.0016929,0.0004127,0.0025318,0.0030163,0.1531277,0.1531277,0.1116923,0.1146073,0.0260824,0.0260824,0.0089348,0.0105055
v9,48,0.0127336,0.00022,0.0004776,0.0000095,0.0000194,0.0046775,0.0015162,0.0003877,0.0022158,0.0027987,0.1441277,0.1441277,0.1058313,0.1087494,0.0250775,0.0250775,0.0081728,0.009758
v9,50,0.0114349,0.0001815,0.0003642,0,0.0000174,0.0041728,0.0013395,0.0003652,0.0018868,0.0026006,0.1351277,0.1351277,0.1003308,0.1030812,0.0240726,0.0240726,0.007591,0.0090451
v9,52,0.0105049,0.0001669,0.0003302,0,0.0000156,0.0040228,0.0012255,0.0003443,0.0015565,0.0024135,0.1291277,0.1291277,0.0950558,0.0973652,0.0233726,0.0233726,0.0070904,0.0083259
v9,54,0.0095749,0.0001523,0.0002961,0,0.0000138,0.0038728,0.0011115,0.0003253,0.0012553,0.002216,0.1231277,0.1231277,0.0896423,0.0919833,0.0226726,0.0226726,0.0066009,0.007594
v9,56,0.008645,0.0001377,0.000262,0,0.0000121,0.0037228,0.0009975,0.0003062,0.0010054,0.0020197,0.1171277,0.1171277,0.084765,0.0867978,0.0219726,0.0219726,0.0061135,0.0069084
v9,58,0.007715,0.0001232,0.0002279,0,0.0000103,0.0035728,0.0008835,0.0002871,0.0008012,0.0018216,0.1111277,0.1111277,0.0802445,0.0816983,0.0212726,0.0212726,0.0056597,0.0062873
v9,60,0.006785,0.0001086,0.0001939,0,0.0000085,0.0034228,0.0007695,0.0002681,0.000636,0.0016376,0.1051277,0.1051277,0.0758952,0.0766132,0.0205726,0.0205726,0.005265,0.0057025
v9,62,0.0062182,0.0000982,0.0001739,0,0.0000065,0.0032428,0.0007202,0.000248,0.0005055,0.0014648,0.1011277,0.1011277,0.0715437,0.0718383,0.0198726,0.0198726,0.0049387,0.0051339
v9,64,0.0056515,0.0000878,0.0001539,0,0.0000045,0.0030628,0.0006709,0.0002273,0.0004067,0.0013125,0.0971277,0.0971277,0.0674551,0.0671668,0.0191726,0.0191726,0.0046216,0.0045586
v9,66,0.0050847,0.0000774,0.0001339,0,0.0000029,0.0028828,0.0006215,0.0002067,0.0003309,0.0011756,0.0931277,0.0931277,0.0635105,0.0624555,0.0184726,0.0184726,0.0043147,0.0040028
v9,68,0.004518,0.000067,0.0001139,0,0.0000014,0.0027028,0.0005722,0.0001854,0.0002729,0.0010412,0.0891277,0.0891277,0.0602528,0.057677,0.0177726,0.0177726,0.0040085,0.0036103
v9,70,0.0039512,0.0000565,0.0000939,0,0,0.0025228,0.0005229,0.000162,0.0002306,0.0009042,0.0851277,0.0851277,0.0571263,0.053836,0.0170726,0.0170726,0.003725,0.0033586
v9,72,0.0036132,0.0000541,0.0000879,0,0,0.0024328,0.0004902,0.0001362,0.0002015,0.0007623,0.0826277,0.0826277,0.0537447,0.0514915,0.0163726,0.0163726,0.0034741,0.0031437
v9,74,0.0032752,0.0000517,0.0000819,0,0,0.0023428,0.0004576,0.0001081,0.0001818,0.0006081,0.0801277,0.0801277,0.0507666,0.0492914,0.0156726,0.0156726,0.0032596,0.00293
v9,76,0.0029373,0.0000493,0.0000759,0,0,0.0022528,0.0004249,0.0000786,0.0001659,0.0004709,0.0776277,0.0776277,0.0482433,0.0469251,0.0149726,0.0149726,0.0030527,0.0027099
v9,78,0.0025993,0.0000469,0.0000699,0,0,0.0021628,0.0003923,0.0000491,0.0001543,0.0003552,0.0751277,0.0751277,0.0460599,0.0447689,0.0142726,0.0142726,0.0028456,0.0025235
v9,80,0.0022613,0.0000445,0.0000639,0,0,0.0020728,0.0003596,0.0000228,0.0001459,0.0002749,0.0726277,0.0726277,0.0438717,0.042867,0.0135726,0.0135726,0.0026478,0.0024005
v9,82,0.0021343,0.0000425,0.0000619,0,0,0.0019785,0.0003515,0.0000074,0.0001394,0.0002205,0.0701277,0.0701277,0.0417251,0.0411457,0.0128726,0.0128726,0.0024622,0.0023037
v9,84,0.0020074,0.0000405,0.0000599,0,0,0.0018841,0.0003434,0.0000007,0.0001341,0.0001802,0.0676277,0.0676277,0.0397223,0.0393831,0.0121726,0.0121726,0.0022996,0.0022141
v9,86,0.0018804,0.0000385,0.0000579,0,0,0.0017898,0.0003353,0,0.0001292,0.0001458,0.0651277,0.0651277,0.0380809,0.0377216,0.0114726,0.0114726,0.0021556,0.0021241
v9,88,0.0017535,0.0000365,0.0000559,0,0,0.0016955,0.0003272,0,0.0001248,0.0001176,0.0626277,0.0626277,0.03639,0.036321,0.0107726,0.0107726,0.0020202,0.002041
v9,90,0.0016265,0.0000345,0.0000539,0,0,0.0016012,0.0003191,0,0.0001202,0.0000977,0.0601277,0.0601277,0.034833,0.0351437,0.0100726,0.0100726,0.0018856,0.0019749
v9,92,0.0015561,0.000034,0.0000531,0,0,0.0015281,0.0003103,0,0.0001157,0.0000775,0.0581277,0.0581277,0.0333768,0.0340056,0.0093726,0.0093726,0.0017505,0.0019269
v9,94,0.0014858,0.0000335,0.0000523,0,0,0.0014551,0.0003015,0,0.0001112,0.0000602,0.0561277,0.0561277,0.0320027,0.0328536,0.0086726,0.0086726,0.0016346,0.001889
v9,96,0.0014154,0.000033,0.0000515,0,0,0.001382,0.0002927,0,0.0001065,0.0000452,0.0541277,0.0541277,0.0308723,0.0317932,0.0079726,0.0079726,0.0015637,0.0018542
v9,98,0.0013451,0.0000325,0.0000507,0,0,0.001309,0.0002839,0,0.0001019,0.0000315,0.0521277,0.0521277,0.0297952,0.0307819,0.0072726,0.0072726,0.0015303,0.0018196
v9,100,0.0012747,0.000032,0.0000499,0,0,0.0012359,0.0002751,0,0.0000975,0.0000193,0.0501277,0.0501277,0.0286996,0.0298211,0.0065726,0.0065726,0.0014959,0.0017852
v9,102,0.0012397,0.0000315,0.0000491,0,0,0.0011723,0.0002701,0,0.0000929,0.0000096,0.0481277,0.0481277,0.0276566,0.0288289,0.0063526,0.0063526,0.0014612,0.0017543
v9,104,0.0012047,0.000031,0.0000483,0,0,0.0011088,0.0002651,0,0.0000883,0.0000035,0.0461277,0.0461277,0.0267136,0.0278753,0.0061326,0.0061326,0.0014276,0.0017264
v9,106,0.0011697,0.0000305,0.0000475,0,0,0.0010452,0.0002601,0,0.0000837,0.0000008,0.0441277,0.0441277,0.0257593,0.0270029,0.0059126,0.0059126,0.0013953,0.0016994
v9,108,0.0011347,0.00003,0.0000467,0,0,0.0009817,0.0002551,0,0.000079,0.0000001,0.0421277,0.0421277,0.0248467,0.0261922,0.0056926,0.0056926,0.0013684,0.0016731
v9,110,0.0010997,0.0000295,0.0000459,0,0,0.0009181,0.0002501,0,0.0000727,0,0.0401277,0.0401277,0.023945,0.0253875,0.0054726,0.0054726,0.0013429,0.0016464
v9,112,0.0010647,0.000029,0.0000451,0,0,0.0008881,0.0002461,0,0.0000633,0,0.0383277,0.0383277,0.0230739,0.0246081,0.0053726,0.0053726,0.0013173,0.0016208
v9,114,0.0010297,0.0000285,0.0000443,0,0,0.0008581,0.0002421,0,0.0000508,0,0.0365277,0.0365277,0.0223113,0.0238571,0.0052726,0.0052726,0.0012913,0.0015982
v9,116,0.0009947,0.000028,0.0000435,0,0,0.0008281,0.0002381,0,0.0000371,0,0.0347277,0.0347277,0.0215581,0.0231581,0.0051726,0.0051726,0.0012664,0.0015759
v9,118,0.0009597,0.0000275,0.0000427,0,0,0.0007981,0.0002341,0,0.0000231,0,0.0329277,0.0329277,0.020781,0.0224713,0.0050726,0.0050726,0.0012425,0.0015536
v9,120,0.0009247,0.000027,0.0000419,0,0,0.0007681,0.0002301,0,0.0000111,0,0.0311277,0.0311277,0.0200519,0.0217801,0.0049726,0.0049726,0.0012203,0.0015306
v9,122,0.0008947,0.0000266,0.0000413,0,0,0.0007481,0.0002261,0,0.0000039,0,0.0301277,0.0301277,0.0193536,0.0211009,0.0049226,0.0049226,0.0011989,0.0015076
v9,124,0.0008647,0.0000262,0.0000407,0,0,0.0007281,0.0002221,0,0.0000008,0,0.0291277,0.0291277,0.0186935,0.0204485,0.0048726,0.0048726,0.0011773,0.0014847
v9,126,0.0008347,0.0000258,0.0000401,0,0,0.0007081,0.0002181,0,0.0000001,0,0.0281277,0.0281277,0.0180572,0.0198228,0.0048226,0.0048226,0.0011562,0.0014623
v9,128,0.0008047,0.0000254,0.0000395,0,0,0.0006881,0.0002141,0,0,0,0.0271277,0.0271277,0.0174359,0.0191805,0.0047726,0.0047726,0.0011354,0.0014406
v9,130,0.0007747,0.000025,0.0000389,0,0,0.0006681,0.0002101,0,0,0,0.0261277,0.0261277,0.0167895,0.0185654,0.0047226,0.0047226,0.0011141,0.0014187
v9,132,0.0007447,0.0000246,0.0000383,0,0,0.0006481,0.0002061,0,0,0,0.0253277,0.0253277,0.0161949,0.0179712,0.0046926,0.0046926,0.0010926,0.0013966
v9,134,0.0007147,0.0000242,0.0000377,0,0,0.0006281,0.0002021,0,0,0,0.0245277,0.0245277,0.0155981,0.017402,0.0046626,0.0046626,0.0010711,0.001374
v9,136,0.0006847,0.0000238,0.0000371,0,0,0.0006081,0.0001981,0,0,0,0.0237277,0.0237277,0.0150026,0.0168489,0.0046326,0.0046326,0.0010508,0.0013512
v9,138,0.0006547,0.0000234,0.0000365,0,0,0.0005881,0.0001941,0,0,0,0.0229277,0.0229277,0.0144337,0.0162645,0.0046026,0.0046026,0.0010297,0.0013289
v9,140,0.0006247,0.000023,0.0000359,0,0,0.0005681,0.0001901,0,0,0,0.0221277,0.0221277,0.0138546,0.0157343,0.0045726,0.0045726,0.0010077,0.0013068
v9,142,0.0005997,0.0000226,0.0000353,0,0,0.0005481,0.0001851,0,0,0,0.0219277,0.0219277,0.0132987,0.015179,0.0045526,0.0045526,0.0009862,0.0012842
v9,144,0.0005747,0.0000222,0.0000347,0,0,0.0005281,0.0001801,0,0,0,0.0217277,0.0217277,0.012752,0.014669,0.0045326,0.0045326,0.0009656,0.0012615
v9,146,0.0005497,0.0000218,0.0000341,0,0,0.0005081,0.0001751,0,0,0,0.0215277,0.0215277,0.0122153,0.0141565,0.0045126,0.0045126,0.000945,0.0012389
v9,148,0.0005247,0.0000214,0.0000335,0,0,0.0004881,0.0001701,0,0,0,0.0213277,0.0213277,0.0116753,0.0136598,0.0044926,0.0044926,0.0009235,0.0012169
v9,150,0.0004997,0.000021,0.0000329,0,0,0.0004681,0.0001651,0,0,0,0.0211277,0.0211277,0.0111836,0.0131864,0.0044726,0.0044726,0.000902,0.0011957
v9,152,0.0004747,0.00002,0.0000323,0,0,0.0004531,0.0001591,0,0,0,0.0209277,0.0209277,0.0106724,0.0127295,0.0044576,0.0044576,0.0008804,0.0011731
v9,154,0.0004497,0.000019,0.0000317,0,0,0.0004381,0.0001531,0,0,0,0.0207277,0.0207277,0.0102029,0.012258,0.0044426,0.0044426,0.0008596,0.0011503
v9,156,0.0004247,0.000018,0.0000311,0,0,0.0004231,0.0001471,0,0,0,0.0205277,0.0205277,0.0097305,0.0118188,0.0044276,0.0044276,0.0008387,0.0011243
v9,158,0.0003997,0.000017,0.0000305,0,0,0.0004081,0.0001411,0,0,0,0.0203277,0.0203277,0.0091795,0.0113415,0.0044126,0.0044126,0.0008171,0.0010897
v9,160,0.0003747,0.000016,0.0000299,0,0,0.0003931,0.0001351,0,0,0,0.0201277,0.0201277,0.0085866,0.0108836,0.0043976,0.0043976,0.0007956,0.0010498
v9,162,0.0003497,0.0000144,0.0000295,0,0,0.0003831,0.0001296,0,0,0,0.0199277,0.0199277,0.0079375,0.0104039,0.0043876,0.0043876,0.0007746,0.0010091
v9,164,0.0003247,0.0000127,0.0000291,0,0,0.0003731,0.0001241,0,0,0,0.0197277,0.0197277,0.0072995,0.0099211,0.0043776,0.0043776,0.0007525,0.0009683
v9,166,0.0002997,0.0000111,0.0000287,0,0,0.0003631,0.0001186,0,0,0,0.0195277,0.0195277,0.0066583,0.0092544,0.0043676,0.0043676,0.0007222,0.0009295
v9,168,0.0002747,0.0000094,0.0000283,0,0,0.0003531,0.0001131,0,0,0,0.0193277,0.0193277,0.0060041,0.0084984,0.0043576,0.0043576,0.0006851,0.0008914
v9,170,0.0002497,0.0000078,0.0000279,0,0,0.0003431,0.0001076,0,0,0,0.0191277,0.0191277,0.0052899,0.0076896,0.0043476,0.0043476,0.0006468,0.0008532
v9,172,0.0002247,0.0000056,0.0000275,0,0,0.0003381,0.0001006,0,0,0,0.0189277,0.0189277,0.0046044,0.0068857,0.0043376,0.0043376,0.0006112,0.0008154
v9,174,0.0001997,0.000004,0.0000271,0,0,0.0003331,0.0000935,0,0,0,0.0187277,0.0187277,0.0038987,0.0058758,0.0043276,0.0043276,0.0005726,0.0007776
v9,176,0.0001747,0,0.0000267,0,0,0.0003281,0.0000865,0,0,0,0.0185277,0.0185277,0.0031213,0.0046599,0.0043176,0.0043176,0.000526,0.0007382
v9,178,0.0001497,0,0.0000263,0,0,0.0003231,0.0000794,0,0,0,0.0183277,0.0183277,0.0022186,0.0033574,0.0043076,0.0043076,0.0004587,0.000693
v9,180,0.0001247,0,0.0000259,0,0,0.0003181,0.0000724,0,0,0,0.0181277,0.0181277,0.0012697,0.0020013,0.0042976,0.0042976,0.0003767,0.0006359
v9,182,0.0001147,0,0.0000255,0,0,0.0003131,0.0000629,0,0,0,0.0179277,0.0179277,0.000541,0.0009026,0.0042876,0.0042876,0.0002908,0.0005688
v9,184,0.0001047,0,0.0000251,0,0,0.0003081,0.0000535,0,0,0,0.0177277,0.0177277,0.0001441,0.0002562,0.0042776,0.0042776,0.0002032,0.0005004
v9,186,0.0000947,0,0.0000247,0,0,0.0003031,0.000044,0,0,0,0.0175277,0.0175277,0.0000166,0.0000387,0.0042676,0.0042676,0.0001131,0.0004349
v9,188,0.0000847,0,0.0000243,0,0,0.0002981,0.0000346,0,0,0,0.0173277,0.0173277,0,0.0000021,0.0042576,0.0042576,0.0000367,0.0003647
v9,190,0.0000747,0,0.0000239,0,0,0.0002931,0.0000251,0,0,0,0.0171277,0.0171277,0,0,0.0042476,0.0042476,0.0000034,0.0002927
v9,192,0.0000697,0,0.0000235,0,0,0.0002881,0,0,0,0,0.0169277,0.0169277,0,0,0.0042376,0.0042376,0,0.0002202
v9,194,0.0000647,0,0.0000231,0,0,0.0002831,0,0,0,0,0.0167277,0.0167277,0,0,0.0042276,0.0042276,0,0.0001492
v9,196,0.0000597,0,0.0000227,0,0,0.0002781,0,0,0,0,0.0165277,0.0165277,0,0,0.0042176,0.0042176,0,0.0000823
v9,198,0.0000547,0,0.0000223,0,0,0.0002731,0,0,0,0,0.0163277,0.0163277,0,0,0.0042076,0.0042076,0,0.00003
v9,200,0.0000497,0,0.0000219,0,0,0.0002681,0,0,0,0,0.0161277,0.0161277,0,0,0.0041976,0.0041976,0,0.0000051
v9,202,0.0000467,0,0.0000215,0,0,0.0002631,0,0,0,0,0.0159277,0.0159277,0,0,0.0041876,0.0041876,0,0
v9,204,0.0000437,0,0.0000211,0,0,0.0002581,0,0,0,0,0.0157277,0.0157277,0,0,0.0041776,0.0041776,0,0
v9,206,0.0000407,0,0.0000207,0,0,0.0002531,0,0,0,0,0.0155277,0.0155277,0,0,0.0041676,0.0041676,0,0
v9,208,0.0000377,0,0.0000203,0,0,0.0002481,0,0,0,0,0.0153277,0.0153277,0,0,0.0041576,0.0041576,0,0
v9,210,0.0000347,0,0.0000199,0,0,0.0002431,0,0,0,0,0.0151277,0.0151277,0,0,0.0041476,0.0041476,0,0
v9,212,0.0000307,0,0.0000195,0,0,0.0002351,0,0,0,0,0.0149277,0.0149277,0,0,0.0041376,0.0041376,0,0
v9,214,0.0000267,0,0.0000191,0,0,0.0002271,0,0,0,0,0.0147277,0.0147277,0,0,0.0041276,0.0041276,0,0
v9,216,0.0000227,0,0.0000187,0,0,0.0002191,0,0,0,0,0.0145277,0.0145277,0,0,0.0041176,0.0041176,0,0
v9,218,0.0000187,0,0.0000183,0,0,0.0002111,0,0,0,0,0.0143277,0.0143277,0,0,0.0041076,0.0041076,0,0
v9,220,0.0000147,0,0.0000179,0,0,0.0002031,0,0,0,0,0.0141277,0.0141277,0,0,0.0040976,0.0040976,0,0
v9,222,0.0000107,0,0.0000173,0,0,0.0001851,0,0,0,0,0.0139277,0.0139277,0,0,0.0040876,0.0040876,0,0
v9,224,0.0000067,0,0.0000167,0,0,0.0001671,0,0,0,0,0.0137277,0.0137277,0,0,0.0040776,0.0040776,0,0
v9,226,0,0,0.0000161,0,0,0.0001391,0,0,0,0,0.0135277,0.0135277,0,0,0.0040676,0.0040676,0,0
v9,228,0,0,0.0000155,0,0,0.0000911,0,0,0,0,0.0133277,0.0133277,0,0,0.0040576,0.0040576,0,0
v9,230,0,0,0.0000149,0,0,0,0,0,0,0,0.0131277,0.0131277,0,0,0.0040476,0.0040476,0,0
v9,232,0,0,0.0000141,0,0,0,0,0,0,0,0.0129277,0.0129277,0,0,0.0040076,0.0040076,0,0
v9,234,0,0,0.0000133,0,0,0,0,0,0,0,0.0127277,0.0127277,0,0,0.0039676,0.0039676,0,0
v9,236,0,0,0.0000125,0,0,0,0,0,0,0,0.0125277,0.0125277,0,0,0.0039276,0.0039276,0,0
v9,238,0,0,0.0000117,0,0,0,0,0,0,0,0.0123277,0.0123277,0,0,0.0038876,0.0038876,0,0
v9,240,0,0,0.0000109,0,0,0,0,0,0,0,0.0121277,0.0121277,0,0,0.0038476,0.0038476,0,0
v9,242,0,0,0.0000101,0,0,0,0,0,0,0,0.0118277,0.0118277,0,0,0.0037676,0.0037676,0,0
v9,244,0,0,0.0000093,0,0,0,0,0,0,0,0.0115277,0.0115277,0,0,0.0036876,0.0036876,0,0
v9,246,0,0,0,0,0,0,0,0,0,0,0.0112277,0.0112277,0,0,0.0036076,0.0036076,0,0
v9,248,0,0,0,0,0,0,0,0,0,0,0.0109277,0.0109277,0,0,0.0035276,0.0035276,0,0
v9,250,0,0,0,0,0,0,0,0,0,0,0.0106277,0.0106277,0,0,0.0034476,0.0034476,0,0
v9,252,0,0,0,0,0,0,0,0,0,0,0.0098277,0.0098277,0,0,0.0032876,0.0032876,0,0
v9,254,0,0,0,0,0,0,0,0,0,0,0.0090277,0.0090277,0,0,0.0031276,0.0031276,0,0
v9,256,0,0,0,0,0,0,0,0,0,0,0.0082277,0.0082277,0,0,0.0029676,0.0029676,0,0
v9,258,0,0,0,0,0,0,0,0,0,0,0.0074277,0.0074277,0,0,0.0028076,0.0028076,0,0
v9,260,0,0,0,0,0,0,0,0,0,0,0.0066277,0.0066277,0,0,0.0026476,0.0026476,0,0
v9,262,0,0,0,0,0,0,0,0,0,0,0.0058277,0.0058277,0,0,0.0015684,0.0015684,0,0
v9,264,0,0,0,0,0,0,0,0,0,0,0.0050277,0.0050277,0,0,0.0004892,0.0004892,0,0
v9,266,0,0,0,0,0,0,0,0,0,0,0.0032277,0.0032277,0,0,0.0002822,0.0002822,0,0
v9,268,0,0,0,0,0,0,0,0,0,0,0.0014277,0.0014277,0,0,0,0,0,0
v9,270,0,0,0,0,0,0,0,0,0,0,0,0,0,0,0,0,0,0
v9,272,0,0,0,0,0,0,0,0,0,0,0,0,0,0,0,0,0,0
v9,274,0,0,0,0,0,0,0,0,0,0,0,0,0,0,0,0,0,0
v9,276,0,0,0,0,0,0,0,0,0,0,0,0,0,0,0,0,0,0
v9,278,0,0,0,0,0,0,0,0,0,0,0,0,0,0,0,0,0,0
v9,280,0,0,0,0,0,0,0,0,0,0,0,0,0,0,0,0,0,0
v9,282,0,0,0,0,0,0,0,0,0,0,0,0,0,0,0,0,0,0
v9,284,0,0,0,0,0,0,0,0,0,0,0,0,0,0,0,0,0,0
v9,286,0,0,0,0,0,0,0,0,0,0,0,0,0,0,0,0,0,0
v9,288,0,0,0,0,0,0,0,0,0,0,0,0,0,0,0,0,0,0
v9,290,0,0,0,0,0,0,0,0,0,0,0,0,0,0,0,0,0,0
v9,292,0,0,0,0,0,0,0,0,0,0,0,0,0,0,0,0,0,0
v9,294,0,0,0,0,0,0,0,0,0,0,0,0,0,0,0,0,0,0
v9,296,0,0,0,0,0,0,0,0,0,0,0,0,0,0,0,0,0,0
v9,298,0,0,0,0,0,0,0,0,0,0,0,0,0,0,0,0,0,0
v9,300,0,0,0,0,0,0,0,0,0,0,0,0,0,0,0,0,0,0
v9,302,0,0,0,0,0,0,0,0,0,0,0,0,0,0,0,0,0,0
v9,304,0,0,0,0,0,0,0,0,0,0,0,0,0,0,0,0,0,0
v9,306,0,0,0,0,0,0,0,0,0,0,0,0,0,0,0,0,0,0
v9,308,0,0,0,0,0,0,0,0,0,0,0,0,0,0,0,0,0,0
v9,310,0,0,0,0,0,0,0,0,0,0,0,0,0,0,0,0,0,0
v9,312,0,0,0,0,0,0,0,0,0,0,0,0,0,0,0,0,0,0
v9,314,0,0,0,0,0,0,0,0,0,0,0,0,0,0,0,0,0,0
v9,316,0,0,0,0,0,0,0,0,0,0,0,0,0,0,0,0,0,0
v9,318,0,0,0,0,0,0,0,0,0,0,0,0,0,0,0,0,0,0
v9,320,0,0,0,0,0,0,0,0,0,0,0,0,0,0,0,0,0,0
v9,322,0,0,0,0,0,0,0,0,0,0,0,0,0,0,0,0,0,0
v9,324,0,0,0,0,0,0,0,0,0,0,0,0,0,0,0,0,0,0
v9,326,0,0,0,0,0,0,0,0,0,0,0,0,0,0,0,0,0,0
v9,328,0,0,0,0,0,0,0,0,0,0,0,0,0,0,0,0,0,0
v9,330,0,0,0,0,0,0,0,0,0,0,0,0,0,0,0,0,0,0
v9,332,0,0,0,0,0,0,0,0,0,0,0,0,0,0,0,0,0,0
v9,334,0,0,0,0,0,0,0,0,0,0,0,0,0,0,0,0,0,0
v9,336,0,0,0,0,0,0,0,0,0,0,0,0,0,0,0,0,0,0
v9,338,0,0,0,0,0,0,0,0,0,0,0,0,0,0,0,0,0,0
v9,340,0,0,0,0,0,0,0,0,0,0,0,0,0,0,0,0,0,0
v9,342,0,0,0,0,0,0,0,0,0,0,0,0,0,0,0,0,0,0
v9,344,0,0,0,0,0,0,0,0,0,0,0,0,0,0,0,0,0,0
v9,346,0,0,0,0,0,0,0,0,0,0,0,0,0,0,0,0,0,0
v9,348,0,0,0,0,0,0,0,0,0,0,0,0,0,0,0,0,0,0
v9,350,0,0,0,0,0,0,0,0,0,0,0,0,0,0,0,0,0,0
v9,352,0,0,0,0,0,0,0,0,0,0,0,0,0,0,0,0,0,0
v9,354,0,0,0,0,0,0,0,0,0,0,0,0,0,0,0,0,0,0
v9,356,0,0,0,0,0,0,0,0,0,0,0,0,0,0,0,0,0,0
v9,358,0,0,0,0,0,0,0,0,0,0,0,0,0,0,0,0,0,0
v9,360,0,0,0,0,0,0,0,0,0,0,0,0,0,0,0,0,0,0
v9,362,0,0,0,0,0,0,0,0,0,0,0,0,0,0,0,0,0,0
v9,364,0,0,0,0,0,0,0,0,0,0,0,0,0,0,0,0,0,0
v9,366,0,0,0,0,0,0,0,0,0,0,0,0,0,0,0,0,0,0
v9,368,0,0,0,0,0,0,0,0,0,0,0,0,0,0,0,0,0,0
v9,370,0,0,0,0,0,0,0,0,0,0,0,0,0,0,0,0,0,0
v9,372,0,0,0,0,0,0,0,0,0,0,0,0,0,0,0,0,0,0
v9,374,0,0,0,0,0,0,0,0,0,0,0,0,0,0,0,0,0,0
v9,376,0,0,0,0,0,0,0,0,0,0,0,0,0,0,0,0,0,0
v9,378,0,0,0,0,0,0,0,0,0,0,0,0,0,0,0,0,0,0
v9,380,0,0,0,0,0,0,0,0,0,0,0,0,0,0,0,0,0,0
v9,382,0,0,0,0,0,0,0,0,0,0,0,0,0,0,0,0,0,0
v9,384,0,0,0,0,0,0,0,0,0,0,0,0,0,0,0,0,0,0
v9,386,0,0,0,0,0,0,0,0,0,0,0,0,0,0,0,0,0,0
v9,388,0,0,0,0,0,0,0,0,0,0,0,0,0,0,0,0,0,0
v9,390,0,0,0,0,0,0,0,0,0,0,0,0,0,0,0,0,0,0
v9,392,0,0,0,0,0,0,0,0,0,0,0,0,0,0,0,0,0,0
v9,394,0,0,0,0,0,0,0,0,0,0,0,0,0,0,0,0,0,0
v9,396,0,0,0,0,0,0,0,0,0,0,0,0,0,0,0,0,0,0
v9,398,0,0,0,0,0,0,0,0,0,0,0,0,0,0,0,0,0,0
v9,400,0,0,0,0,0,0,0,0,0,0,0,0,0,0,0,0,0,0
v832,0,1,1,1,1,1,1,1,1,1,1,1,1,0,0,1,0,0,0
v832,2,0.9998,0.9998,0.851671,1,0.9192479,0.9563057,0.9998,0.9998,0.3331734,0.3065848,0.93,0.9923661,0,0,0.9,0,0,0
v832,4,0.6091692,0.91,0.5589307,1,0.1908059,0.7885,0.5660566,0.6091692,0.1321442,0.1128508,0.86,0.9549386,0,0,0.675,0,0,0
v832,6,0.1903233,0.7425,0.2094894,0.2695299,0.0175827,0.5972,0.3537017,0.1903233,0.0766935,0.0625721,0.79,0.8688088,0,0,0.375,0,0,0
v832,8,0.098,0.365,0.076413,0.0146029,0.0034981,0.3764493,0.1873394,0.098,0.0520692,0.0410993,0.72,0.7319701,0,0,0.2,0,0,0
v832,10,0.0695,0.195,0.0476643,0.003932,0.0016182,0.2308289,0.1051581,0.0695,0.0385353,0.0296365,0.65,0.5749666,0,0,0.14,0,0,0
v832,12,0.057,0.1093811,0.0282617,0.0017741,0.0011222,0.1575953,0.0671499,0.057,0.0301221,0.0226755,0.618,0.4369421,0,0,0.115,0,0,0
v832,14,0.0468947,0.0571959,0.0161417,0.0007396,0.0007482,0.0994599,0.0417804,0.0468947,0.024453,0.0180756,0.586,0.3583903,0,0,0.0960441,0,0,0
v832,16,0.0398383,0.0381726,0.0107145,0.0005896,0.0004702,0.0726387,0.032342,0.0398383,0.0204086,0.0148488,0.554,0.3163803,0,0,0.084,0,0,0
v832,18,0.0340044,0.022071,0.0078903,0.0005128,0.000332,0.0541294,0.020693,0.0340044,0.017398,0.012482,0.522,0.2910523,0,0,0.0695,0,0,0
v832,20,0.0291683,0.0152802,0.0056513,0.0004392,0.0002382,0.0381282,0.0151485,0.0291683,0.0150818,0.0106849,0.49,0.2689028,0,0,0.0586015,0,0,0
v832,22,0.0251759,0.011704,0.0042348,0.0003495,0.0001556,0.031,0.0107676,0.0251759,0.0132523,0.0092822,0.4625322,0.2483577,0,0,0.055775,0,0,0
v832,24,0.0220164,0.0080528,0.0033141,0.0002519,0.0000725,0.0265,0.0082809,0.0220164,0.0117758,0.0081624,0.4350644,0.2278651,0,0,0.0529484,0,0,0
v832,26,0.0193861,0.0051778,0.0027047,0.0001624,0.000048,0.0236007,0.0066342,0.0193861,0.0105628,0.0072515,0.4075966,0.207758,0,0,0.0501219,0,0,0
v832,28,0.0171271,0.0037629,0.0022013,0.0001045,0.0000381,0.0207015,0.0052493,0.0171271,0.009551,0.0064986,0.3801288,0.1916977,0,0,0.0472953,0,0,0
v832,30,0.0151718,0.0028793,0.0017955,0.0000697,0.0000308,0.017988,0.0042283,0.0151718,0.008696,0.0058679,0.352661,0.1789855,0,0,0.0444688,0,0,0
v832,32,0.0136176,0.0021663,0.0014955,0.0000421,0.0000261,0.0155086,0.003639,0.0136176,0.0079764,0.0053799,0.3250434,0.1678619,0,0,0.0396453,0,0,0
v832,34,0.0121883,0.0016522,0.0012694,0.0000283,0.0000226,0.0131256,0.0031173,0.0121883,0.0072568,0.0048919,0.2974258,0.1570683,0,0,0.0348218,0,0,0
v832,36,0.0107445,0.0013066,0.0010653,0.0000183,0.0000202,0.0109367,0.0026625,0.0107445,0.0065372,0.0044039,0.2698082,0.1467546,0,0,0.0299983,0,0,0
v832,38,0.0096028,0.0010552,0.0008787,0.0000151,0.0000181,0.0091252,0.0022666,0.0096028,0.0058176,0.0039159,0.2421906,0.1379062,0,0,0.0251749,0,0,0
v832,40,0.0086684,0.0008669,0.0007168,0.000013,0.000016,0.0078227,0.0019459,0.0086684,0.005098,0.0034279,0.214573,0.1308197,0,0,0.0203514,0,0,0
v832,42,0.0079583,0.0006975,0.0006001,0.0000116,0.0000146,0.0069182,0.001722,0.0079583,0.0043784,0.0029399,0.2029379,0.1243463,0,0,0.0193981,0,0,0
v832,44,0.0074566,0.0005449,0.0005146,0.0000076,0.0000132,0.0062223,0.0015657,0.0074566,0.0036588,0.0024519,0.1913028,0.117844,0,0,0.0184448,0,0,0
v832,46,0.006864,0.0004237,0.0004583,0.0000035,0.0000121,0.005765,0.0014478,0.006864,0.0029392,0.001964,0.1796677,0.1116923,0,0,0.0174916,0,0,0
v832,48,0.0063682,0.0003406,0.0004106,0,0.0000111,0.005243,0.00133,0.0063682,0.0022196,0.001476,0.1680325,0.1058313,0,0,0.0165383,0,0,0
v832,50,0.0059094,0.0002828,0.0003673,0,0.0000103,0.0047162,0.0012525,0.0059094,0.0015,0.000988,0.1563974,0.1003308,0,0,0.015585,0,0,0
v832,52,0.0054769,0.0002423,0.0003267,0,0.0000097,0.0041676,0.0011749,0.0054769,0.00131,0.0005,0.1460912,0.0950558,0,0,0.0147264,0,0,0
v832,54,0.0050812,0.000212,0.0002917,0,0.0000093,0.0036986,0.0010942,0.0050812,0.00112,0.00035,0.1357849,0.0896423,0,0,0.0138677,0,0,0
v832,56,0.0047068,0.0001873,0.000264,0,0.0000087,0.0033587,0.001019,0.0047068,0.00093,0.00028,0.1254787,0.084765,0,0,0.013009,0,0,0
v832,58,0.0043624,0.0001641,0.0002362,0,0.0000081,0.0031691,0.0009437,0.0043624,0.00074,0.00024,0.1151725,0.0802445,0,0,0.0121503,0,0,0
v832,60,0.0040592,0.0001459,0.0002085,0,0.0000074,0.0030549,0.0008777,0.0040592,0.00055,0.0002,0.1048662,0.0758952,0,0,0.0112917,0,0,0
v832,62,0.0037136,0.0001293,0.000188,0,0.0000068,0.0029407,0.0008119,0.0037136,0.0004,0.00018,0.0984045,0.0715437,0,0,0.0108237,0,0,0
v832,64,0.0033966,0.0001144,0.0001725,0,0.0000063,0.0028528,0.000754,0.0033966,0.0003,0.00015,0.0919429,0.0674551,0,0,0.0103557,0,0,0
v832,66,0.0031052,0.0001054,0.0001567,0,0.0000058,0.0027647,0.0006976,0.0031052,0.0002,0.00012,0.0854812,0.0635105,0,0,0.0098877,0,0,0
v832,68,0.0028203,0.0000992,0.0001425,0,0.0000051,0.0026648,0.0006441,0.0028203,0.00015,0.00011,0.0790195,0.0602528,0,0,0.0094197,0,0,0
v832,70,0.0025505,0.000093,0.0001303,0,0.0000047,0.002571,0.0005936,0.0025505,0.00014,0.0001,0.0725578,0.0571263,0,0,0.0089517,0,0,0
v832,72,0.0023114,0.0000879,0.0001198,0,0.0000043,0.0024526,0.0005478,0.0023114,0.000125,0.00009,0.070064,0.0537447,0,0,0.00858,0,0,0
v832,74,0.0020738,0.0000828,0.0001102,0,0.0000038,0.002336,0.0005071,0.0020738,0.00011,0.00008,0.0675702,0.0507666,0,0,0.0082083,0,0,0
v832,76,0.0018776,0.0000778,0.0001018,0,0.0000035,0.0022016,0.0004699,0.0018776,0.000105,0.000075,0.0650764,0.0482433,0,0,0.0078367,0,0,0
v832,78,0.0017131,0.0000724,0.0000952,0,0.0000031,0.002049,0.0004387,0.0017131,0.0001,0.00007,0.0625827,0.0460599,0,0,0.007465,0,0,0
v832,80,0.0015573,0.0000683,0.000086,0,0.0000028,0.0019171,0.0004097,0.0015573,0.000095,0.0000625,0.0600889,0.0438717,0,0,0.0070934,0,0,0
v832,82,0.0014128,0.0000646,0.0000788,0,0.0000026,0.0017743,0.0003831,0.0014128,0.00009,0.000055,0.0592981,0.0417251,0,0,0.0068696,0,0,0
v832,84,0.0012873,0.0000615,0.0000731,0,0.0000023,0.001644,0.0003612,0.0012873,0.000085,0.0000475,0.0585074,0.0397223,0,0,0.0066458,0,0,0
v832,86,0.0011802,0.0000577,0.0000671,0,0.0000021,0.0015207,0.0003402,0.0011802,0.00008,0.00004,0.0577167,0.0380809,0,0,0.006422,0,0,0
v832,88,0.0010832,0.0000539,0.0000618,0,0.0000019,0.0014029,0.000319,0.0010832,0.000075,0.0000325,0.0569259,0.03639,0,0,0.0061982,0,0,0
v832,90,0.0009921,0.0000492,0.0000569,0,0.0000017,0.0012894,0.0003009,0.0009921,0.00007,0.000025,0.0561352,0.034833,0,0,0.0059744,0,0,0
v832,92,0.0009089,0.0000456,0.0000526,0,0.0000016,0.0011921,0.0002805,0.0009089,0.00006,0.0000175,0.0546216,0.0333768,0,0,0.0057893,0,0,0
v832,94,0.0008388,0.0000421,0.0000499,0,0.0000014,0.0010859,0.0002624,0.0008388,0.00005,0.00001,0.053108,0.0320027,0,0,0.0056042,0,0,0
v832,96,0.000787,0.000038,0.0000474,0,0.0000013,0.0010024,0.0002471,0.000787,0.00004,0.000005,0.0515943,0.0308723,0,0,0.0054191,0,0,0
v832,98,0.0007391,0.0000345,0.0000449,0,0.0000012,0.0009301,0.0002326,0.0007391,0.00003,0,0.0500807,0.0297952,0,0,0.005234,0,0,0
v832,100,0.0006911,0.000031,0.0000417,0,0.000001,0.0008666,0.0002195,0.0006911,0.000025,0.000005,0.0485671,0.0286996,0,0,0.005049,0,0,0
v832,102,0.0006551,0.0000304,0.00004,0,0.0000009,0.000812,0.0002075,0.0006551,0.00002,0.0000046,0.0470358,0.0276566,0,0,0.0047532,0,0,0
v832,104,0.0006192,0.0000298,0.0000388,0,0.0000007,0.000764,0.0001949,0.0006192,0.0000175,0.0000043,0.0455044,0.0267136,0,0,0.0044575,0,0,0
v832,106,0.0005833,0.0000292,0.0000379,0,0.0000005,0.000714,0.0001849,0.0005833,0.000015,0.0000039,0.0439731,0.0257593,0,0,0.0041618,0,0,0
v832,108,0.0005474,0.0000286,0.0000374,0,0.0000004,0.0006738,0.0001752,0.0005474,0.0000135,0.0000036,0.0424418,0.0248467,0,0,0.003866,0,0,0
v832,110,0.0005115,0.000028,0.0000372,0,0.0000003,0.0006345,0.000166,0.0005115,0.000012,0.0000032,0.0409104,0.023945,0,0,0.0035703,0,0,0
v832,112,0.0004955,0.0000277,0.0000367,0,0.0000002,0.0005957,0.000159,0.0004955,0.000011,0.0000029,0.0396855,0.0230739,0,0,0.003372,0,0,0
v832,114,0.0004794,0.0000274,0.0000363,0,0,0.0005651,0.0001511,0.0004794,0.00001,0.0000025,0.0384605,0.0223113,0,0,0.0031737,0,0,0
v832,116,0.0004634,0.0000271,0.0000359,0,0,0.000532,0.0001444,0.0004634,0.0000095,0.0000021,0.0372355,0.0215581,0,0,0.0029754,0,0,0
v832,118,0.0004474,0.0000268,0.0000355,0,0,0.0005004,0.0001385,0.0004474,0.000009,0.0000018,0.0360106,0.020781,0,0,0.0027772,0,0,0
v832,120,0.0004313,0.0000265,0.000035,0,0,0.0004749,0.000133,0.0004313,0.000008,0.0000014,0.0347856,0.0200519,0,0,0.0025789,0,0,0
v832,122,0.0004168,0.0000264,0.000034,0,0,0.000451,0.0001276,0.0004168,0.0000072,0.0000011,0.0337144,0.0193536,0,0,0.0024367,0,0,0
v832,124,0.0004023,0.0000263,0.0000329,0,0,0.000427,0.000124,0.0004023,0.0000064,0.0000007,0.0326432,0.0186935,0,0,0.0022946,0,0,0
v832,126,0.0003878,0.0000262,0.0000318,0,0,0.000407,0.0001195,0.0003878,0.0000056,0.0000004,0.031572,0.0180572,0,0,0.0021524,0,0,0
v832,128,0.0003733,0.0000261,0.0000308,0,0,0.0003852,0.0001159,0.0003733,0.0000048,0,0.0305008,0.0174359,0,0,0.0020103,0,0,0
v832,130,0.0003588,0.000026,0.0000297,0,0,0.0003615,0.0001146,0.0003588,0.000004,0,0.0294296,0.0167895,0,0,0.0018681,0,0,0
v832,132,0.0003453,0.0000259,0.0000287,0,0,0.0003374,0.0001134,0.0003453,0.0000032,0,0.0289251,0.0161949,0,0,0.0018119,0,0,0
v832,134,0.0003319,0.0000258,0.0000276,0,0,0.0003113,0.0001123,0.0003319,0.0000024,0,0.0284207,0.0155981,0,0,0.0017557,0,0,0
v832,136,0.0003184,0.0000257,0.0000266,0,0,0.0002827,0.0001102,0.0003184,0.0000016,0,0.0279163,0.0150026,0,0,0.0016995,0,0,0
v832,138,0.000305,0.0000256,0.0000256,0,0,0.0002584,0.0001072,0.000305,0.0000008,0,0.0274119,0.0144337,0,0,0.0016433,0,0,0
v832,140,0.0002915,0.0000255,0.0000245,0,0,0.0002321,0.0001063,0.0002915,0,0,0.0269075,0.0138546,0,0,0.0015871,0,0,0
v832,142,0.0002773,0.0000245,0.0000228,0,0,0.0002065,0.0001051,0.0002773,0,0,0.0266453,0.0132987,0,0,0.0015731,0,0,0
v832,144,0.000263,0.0000235,0.0000211,0,0,0.0001862,0.0001038,0.000263,0,0,0.0263831,0.012752,0,0,0.001559,0,0,0
v832,146,0.0002488,0.0000226,0.0000194,0,0,0.0001662,0.0001034,0.0002488,0,0,0.026121,0.0122153,0,0,0.0015449,0,0,0
v832,148,0.0002346,0.0000216,0.0000177,0,0,0.0001496,0.0001021,0.0002346,0,0,0.0258588,0.0116753,0,0,0.0015309,0,0,0
v832,150,0.0002203,0.0000206,0.000016,0,0,0.0001381,0.0001014,0.0002203,0,0,0.0255966,0.0111836,0,0,0.0015168,0,0,0
v832,152,0.000208,0.0000194,0.0000149,0,0,0.0001321,0.000102,0.000208,0,0,0.0252918,0.0106724,0,0,0.0015806,0,0,0
v832,154,0.0001956,0.0000183,0.0000138,0,0,0.0001262,0.0001021,0.0001956,0,0,0.024987,0.0102029,0,0,0.0016443,0,0,0
v832,156,0.0001832,0.0000171,0.0000126,0,0,0.0001203,0.0001031,0.0001832,0,0,0.0246822,0.0097305,0,0,0.0017081,0,0,0
v832,158,0.0001709,0.000016,0.0000115,0,0,0.0001143,0.000104,0.0001709,0,0,0.0243774,0.0091795,0,0,0.0017718,0,0,0
v832,160,0.0001585,0.0000148,0.0000103,0,0,0.0001084,0.0001038,0.0001585,0,0,0.0240726,0.0085866,0,0,0.0018356,0,0,0
v832,162,0.000145,0.0000134,0.0000099,0,0,0.0001112,0.0001042,0.000145,0,0,0.0237795,0.0079375,0,0,0.0018685,0,0,0
v832,164,0.0001315,0.000012,0.0000095,0,0,0.0001141,0.0001049,0.0001315,0,0,0.0234863,0.0072995,0,0,0.0019013,0,0,0
v832,166,0.0001181,0.00001,0.0000091,0,0,0.0001169,0.000103,0.0001181,0,0,0.0231931,0.0066583,0,0,0.0019342,0,0,0
v832,168,0.0001046,0.000006,0.0000087,0,0,0.0001198,0.0000994,0.0001046,0,0,0.0228999,0.0060041,0,0,0.0019671,0,0,0
v832,170,0.0000911,0,0.0000083,0,0,0.0001226,0.0000942,0.0000911,0,0,0.0226067,0.0052899,0,0,0.002,0,0,0
v832,172,0.000081,0,0.0000083,0,0,0.0001262,0.0000881,0.000081,0,0,0.0224324,0.0046044,0,0,0.0021,0,0,0
v832,174,0.0000708,0,0.0000083,0,0,0.0001299,0.0000822,0.0000708,0,0,0.0222581,0.0038987,0,0,0.0022,0,0,0
v832,176,0.0000607,0,0.0000083,0,0,0.0001336,0.0000753,0.0000607,0,0,0.0220839,0.0031213,0,0,0.0023,0,0,0
v832,178,0.0000506,0,0.0000082,0,0,0.0001372,0.000068,0.0000506,0,0,0.0219096,0.0022186,0,0,0.0024,0,0,0
v832,180,0.0000405,0,0.0000082,0,0,0.0001409,0.0000644,0.0000405,0,0,0.0217353,0.0012697,0,0,0.0025,0,0,0
v832,182,0.0000405,0,0.0000082,0,0,0.0001436,0.0000597,0.0000405,0,0,0.0215268,0.000541,0,0,0.0029122,0,0,0
v832,184,0.0000405,0,0.0000081,0,0,0.0001463,0.000055,0.0000405,0,0,0.0213183,0.0001441,0,0,0.0033244,0,0,0
v832,186,0.0000405,0,0.0000081,0,0,0.000149,0.0000492,0.0000405,0,0,0.0211098,0.0000166,0,0,0.0037366,0,0,0
v832,188,0.0000405,0,0.000008,0,0,0.0001517,0.0000434,0.0000405,0,0,0.0209013,0,0,0,0.0041488,0,0,0
v832,190,0.0000405,0,0.0000079,0,0,0.0001544,0.0000353,0.0000405,0,0,0.0206928,0,0,0,0.004561,0,0,0
v832,192,0.0000405,0,0.0000079,0,0,0.000153,0.0000276,0.0000405,0,0,0.0203965,0,0,0,0.0044781,0,0,0
v832,194,0.0000405,0,0.0000078,0,0,0.000147,0.0000182,0.0000405,0,0,0.0201002,0,0,0,0.0043952,0,0,0
v832,196,0.0000405,0,0.0000078,0,0,0.000135,0.0000091,0.0000405,0,0,0.0198039,0,0,0,0.0043123,0,0,0
v832,198,0.0000405,0,0.0000077,0,0,0.0001119,0,0.0000405,0,0,0.0195076,0,0,0,0.0042294,0,0,0
v832,200,0.0000405,0,0.0000076,0,0,0.0000888,0,0.0000405,0,0,0.0192113,0,0,0,0.0041465,0,0,0
v832,202,0.0000405,0,0.0000075,0,0,0.0000637,0,0.0000405,0,0,0.0188078,0,0,0,0.0040897,0,0,0
v832,204,0.0000405,0,0.0000074,0,0,0.0000372,0,0.0000405,0,0,0.0184042,0,0,0,0.0040328,0,0,0
v832,206,0.0000405,0,0.0000073,0,0,0.000001,0,0.0000405,0,0,0.0180006,0,0,0,0.0039759,0,0,0
v832,208,0.0000405,0,0.0000072,0,0,0.0000005,0,0.0000405,0,0,0.017597,0,0,0,0.0039191,0,0,0
v832,210,0.0000405,0,0.0000071,0,0,0,0,0.0000405,0,0,0.0171934,0,0,0,0.0038622,0,0,0
v832,212,0.0000411,0,0.0000068,0,0,0,0,0.0000411,0,0,0.0165832,0,0,0,0.0034549,0,0,0
v832,214,0.0000417,0,0.0000063,0,0,0,0,0.0000417,0,0,0.0159731,0,0,0,0.0030476,0,0,0
v832,216,0.0000423,0,0.0000053,0,0,0,0,0.0000423,0,0,0.015363,0,0,0,0.0026402,0,0,0
v832,218,0.0000429,0,0.0000043,0,0,0,0,0.0000429,0,0,0.0147529,0,0,0,0.0022329,0,0,0
v832,220,0.0000435,0,0.0000035,0,0,0,0,0.0000435,0,0,0.0141427,0,0,0,0.0018256,0,0,0
v832,222,0.0000491,0,0,0,0,0,0,0.0000491,0,0,0.013507,0,0,0,0.0017799,0,0,0
v832,224,0.0000547,0,0,0,0,0,0,0.0000547,0,0,0.0128712,0,0,0,0.0017342,0,0,0
v832,226,0.0000604,0,0,0,0,0,0,0.0000604,0,0,0.0122355,0,0,0,0.0016885,0,0,0
v832,228,0.000066,0,0,0,0,0,0,0.000066,0,0,0.0115997,0,0,0,0.0016428,0,0,0
v832,230,0.0000716,0,0,0,0,0,0,0.0000716,0,0,0.010964,0,0,0,0.0015971,0,0,0
v832,232,0.0000801,0,0,0,0,0,0,0.0000801,0,0,0.0105589,0,0,0,0.0014613,0,0,0
v832,234,0.0000885,0,0,0,0,0,0,0.0000885,0,0,0.0101538,0,0,0,0.0013254,0,0,0
v832,236,0.0000969,0,0,0,0,0,0,0.0000969,0,0,0.0097487,0,0,0,0.0011896,0,0,0
v832,238,0.0001053,0,0,0,0,0,0,0.0001053,0,0,0.0093436,0,0,0,0.0010537,0,0,0
v832,240,0.0001138,0,0,0,0,0,0,0.0001138,0,0,0.0089385,0,0,0,0.0009179,0,0,0
v832,242,0.0001167,0,0,0,0,0,0,0.0001167,0,0,0.0087062,0,0,0,0.0008554,0,0,0
v832,244,0.0001165,0,0,0,0,0,0,0.0001165,0,0,0.0084738,0,0,0,0.0007929,0,0,0
v832,246,0.00011,0,0,0,0,0,0,0.00011,0,0,0.0082415,0,0,0,0.0007304,0,0,0
v832,248,0.0001,0,0,0,0,0,0,0.0001,0,0,0.0080092,0,0,0,0.000668,0,0,0
v832,250,0.00008,0,0,0,0,0,0,0.00008,0,0,0.0077768,0,0,0,0.0006055,0,0,0
v832,252,0.0000481,0,0,0,0,0,0,0.0000481,0,0,0.0075606,0,0,0,0.000547,0,0,0
v832,254,0,0,0,0,0,0,0,0,0,0,0.0073443,0,0,0,0.0004885,0,0,0
v832,256,0,0,0,0,0,0,0,0,0,0,0.0071281,0,0,0,0.00043,0,0,0
v832,258,0,0,0,0,0,0,0,0,0,0,0.0069118,0,0,0,0.0003715,0,0,0
v832,260,0,0,0,0,0,0,0,0,0,0,0.0066956,0,0,0,0.000313,0,0,0
v832,262,0,0,0,0,0,0,0,0,0,0,0.0066328,0,0,0,0.0002645,0,0,0
v832,264,0,0,0,0,0,0,0,0,0,0,0.0065699,0,0,0,0.0002159,0,0,0
v832,266,0,0,0,0,0,0,0,0,0,0,0.0065071,0,0,0,0.0001673,0,0,0
v832,268,0,0,0,0,0,0,0,0,0,0,0.0064443,0,0,0,0.0001188,0,0,0
v832,270,0,0,0,0,0,0,0,0,0,0,0.0063815,0,0,0,0.0000702,0,0,0
v832,272,0,0,0,0,0,0,0,0,0,0,0.0062236,0,0,0,0.0000451,0,0,0
v832,274,0,0,0,0,0,0,0,0,0,0,0.0060657,0,0,0,0.00002,0,0,0
v832,276,0,0,0,0,0,0,0,0,0,0,0.0059078,0,0,0,0.000015,0,0,0
v832,278,0,0,0,0,0,0,0,0,0,0,0.0057499,0,0,0,0.00001,0,0,0
v832,280,0,0,0,0,0,0,0,0,0,0,0.005592,0,0,0,0.000005,0,0,0
v832,282,0,0,0,0,0,0,0,0,0,0,0.0054204,0,0,0,0,0,0,0
v832,284,0,0,0,0,0,0,0,0,0,0,0.0052488,0,0,0,0,0,0,0
v832,286,0,0,0,0,0,0,0,0,0,0,0.0050772,0,0,0,0,0,0,0
v832,288,0,0,0,0,0,0,0,0,0,0,0.0049056,0,0,0,0,0,0,0
v832,290,0,0,0,0,0,0,0,0,0,0,0.0047339,0,0,0,0,0,0,0
v832,292,0,0,0,0,0,0,0,0,0,0,0.004117,0,0,0,0,0,0,0
v832,294,0,0,0,0,0,0,0,0,0,0,0.0035,0,0,0,0,0,0,0
v832,296,0,0,0,0,0,0,0,0,0,0,0.00175,0,0,0,0,0,0,0
v832,298,0,0,0,0,0,0,0,0,0,0,0,0,0,0,0,0,0,0
v832,300,0,0,0,0,0,0,0,0,0,0,0,0,0,0,0,0,0,0
v832,302,0,0,0,0,0,0,0,0,0,0,0,0,0,0,0,0,0,0
v832,304,0,0,0,0,0,0,0,0,0,0,0,0,0,0,0,0,0,0
v832,306,0,0,0,0,0,0,0,0,0,0,0,0,0,0,0,0,0,0
v832,308,0,0,0,0,0,0,0,0,0,0,0,0,0,0,0,0,0,0
v832,310,0,0,0,0,0,0,0,0,0,0,0,0,0,0,0,0,0,0
v832,312,0,0,0,0,0,0,0,0,0,0,0,0,0,0,0,0,0,0
v832,314,0,0,0,0,0,0,0,0,0,0,0,0,0,0,0,0,0,0
v832,316,0,0,0,0,0,0,0,0,0,0,0,0,0,0,0,0,0,0
v832,318,0,0,0,0,0,0,0,0,0,0,0,0,0,0,0,0,0,0
v832,320,0,0,0,0,0,0,0,0,0,0,0,0,0,0,0,0,0,0
v832,322,0,0,0,0,0,0,0,0,0,0,0,0,0,0,0,0,0,0
v832,324,0,0,0,0,0,0,0,0,0,0,0,0,0,0,0,0,0,0
v832,326,0,0,0,0,0,0,0,0,0,0,0,0,0,0,0,0,0,0
v832,328,0,0,0,0,0,0,0,0,0,0,0,0,0,0,0,0,0,0
v832,330,0,0,0,0,0,0,0,0,0,0,0,0,0,0,0,0,0,0
v832,332,0,0,0,0,0,0,0,0,0,0,0,0,0,0,0,0,0,0
v832,334,0,0,0,0,0,0,0,0,0,0,0,0,0,0,0,0,0,0
v832,336,0,0,0,0,0,0,0,0,0,0,0,0,0,0,0,0,0,0
v832,338,0,0,0,0,0,0,0,0,0,0,0,0,0,0,0,0,0,0
v832,340,0,0,0,0,0,0,0,0,0,0,0,0,0,0,0,0,0,0
v832,342,0,0,0,0,0,0,0,0,0,0,0,0,0,0,0,0,0,0
v832,344,0,0,0,0,0,0,0,0,0,0,0,0,0,0,0,0,0,0
v832,346,0,0,0,0,0,0,0,0,0,0,0,0,0,0,0,0,0,0
v832,348,0,0,0,0,0,0,0,0,0,0,0,0,0,0,0,0,0,0
v832,350,0,0,0,0,0,0,0,0,0,0,0,0,0,0,0,0,0,0
v832,352,0,0,0,0,0,0,0,0,0,0,0,0,0,0,0,0,0,0
v832,354,0,0,0,0,0,0,0,0,0,0,0,0,0,0,0,0,0,0
v832,356,0,0,0,0,0,0,0,0,0,0,0,0,0,0,0,0,0,0
v832,358,0,0,0,0,0,0,0,0,0,0,0,0,0,0,0,0,0,0
v832,360,0,0,0,0,0,0,0,0,0,0,0,0,0,0,0,0,0,0
v832,362,0,0,0,0,0,0,0,0,0,0,0,0,0,0,0,0,0,0
v832,364,0,0,0,0,0,0,0,0,0,0,0,0,0,0,0,0,0,0
v832,366,0,0,0,0,0,0,0,0,0,0,0,0,0,0,0,0,0,0
v832,368,0,0,0,0,0,0,0,0,0,0,0,0,0,0,0,0,0,0
v832,370,0,0,0,0,0,0,0,0,0,0,0,0,0,0,0,0,0,0
v832,372,0,0,0,0,0,0,0,0,0,0,0,0,0,0,0,0,0,0
v832,374,0,0,0,0,0,0,0,0,0,0,0,0,0,0,0,0,0,0
v832,376,0,0,0,0,0,0,0,0,0,0,0,0,0,0,0,0,0,0
v832,378,0,0,0,0,0,0,0,0,0,0,0,0,0,0,0,0,0,0
v832,380,0,0,0,0,0,0,0,0,0,0,0,0,0,0,0,0,0,0
v832,382,0,0,0,0,0,0,0,0,0,0,0,0,0,0,0,0,0,0
v832,384,0,0,0,0,0,0,0,0,0,0,0,0,0,0,0,0,0,0
v832,386,0,0,0,0,0,0,0,0,0,0,0,0,0,0,0,0,0,0
v832,388,0,0,0,0,0,0,0,0,0,0,0,0,0,0,0,0,0,0
v832,390,0,0,0,0,0,0,0,0,0,0,0,0,0,0,0,0,0,0
v832,392,0,0,0,0,0,0,0,0,0,0,0,0,0,0,0,0,0,0
v832,394,0,0,0,0,0,0,0,0,0,0,0,0,0,0,0,0,0,0
v832,396,0,0,0,0,0,0,0,0,0,0,0,0,0,0,0,0,0,0
v832,398,0,0,0,0,0,0,0,0,0,0,0,0,0,0,0,0,0,0
v832,400,0,0,0,0,0,0,0,0,0,0,0,0,0,0,0,0,0,0
